92,1007 CAMELOT DR,SOUTH FULTON,Georgia,
96,1501 CAMELOT DR,SOUTH FULTON,Georgia,
117,4701 FLAT SHOALS RD,UNION CITY,Georgia,
123,4701 FLAT SHOALS RD,UNION CITY,Georgia,
125,4701 FLAT SHOALS RD,UNION CITY,Georgia,
139,4701 FLAT SHOALS RD,UNION CITY,Georgia,
140,4701 FLAT SHOALS RD,UNION CITY,Georgia,
144,4701 FLAT SHOALS RD,UNION CITY,Georgia,
146,4701 FLAT SHOALS RD,UNION CITY,Georgia,
147,4701 FLAT SHOALS RD,UNION CITY,Georgia,
210,601 CYPRESS POINTE ST,JOHNS CREEK,Georgia,
246,3031 WESTWOOD WAY,ALPHARETTA,Georgia,
253,6054 COVENTRY CIR,ALPHARETTA,Georgia,
274,18 IVY PKWY,ATLANTA,Georgia,
279,20 IVY PKWY,ATLANTA,Georgia,
282,4500 SHANNON BLVD,UNION CITY,Georgia,
311,145 TEAL CT,ROSWELL,Georgia,
313,273 QUAIL RUN,ROSWELL,Georgia,
464,7915 BRIAR VILLA PL,SANDY SPRINGS,Georgia,
467,7924 BRIAR VILLA PL,SANDY SPRINGS,Georgia,
477,7295 LITTLE FAWN PKWY,CHATTAHOOCHEE HILLS,Georgia,
480,0 WILKERSON MILL RD,CHATTAHOOCHEE HILLS,Georgia,
488,216 FOND CT,PALMETTO,Georgia,
495,234 FAYETTEVILLE RD,PALMETTO,Georgia,
498,204 GREEN SPRINGS DR,PALMETTO,Georgia,
501,500 SHAGGY HICKORY TRL,PALMETTO,Georgia,
502,0 SEVEN BARK CT,PALMETTO,Georgia,
506,563 CARLTON DR,PALMETTO,Georgia,
577,719 TRUMPETER CT,SOUTH FULTON,Georgia,
646,5220 BLACKHEATH WAY,FAIRBURN,Georgia,
703,3065 RIVERA CT,FAIRBURN,Georgia,
896,9075 SELBORNE LN,CHATTAHOOCHEE HILLS,Georgia,
913,10755 SERENBE LN,CHATTAHOOCHEE HILLS,Georgia,
933,2704 QUEEN ANNE CT,SANDY SPRINGS,Georgia,
938,2304 QUEEN ANNE CT,SANDY SPRINGS,Georgia,
1008,136 MAISON PL,ATLANTA,Georgia,
1013,625 GRANBY HILL PL,ROSWELL,Georgia,
1045,35 CANTEY PL,ATLANTA,Georgia,
1146,209 TRIUMPH DR,ATLANTA,Georgia,
1157,105 SPRING LAUREL CT,JOHNS CREEK,Georgia,
1208,10820 ROGERS CIR,JOHNS CREEK,Georgia,
1209,10800 ROGERS CIR,JOHNS CREEK,Georgia,
1241,1811 BALLYBUNION DR,JOHNS CREEK,Georgia,
1281,605 LAKE MEDLOCK CT,JOHNS CREEK,Georgia,
1487,4990 TIMBERBRIDGE LN,JOHNS CREEK,Georgia,
1536,305 AQUEDUCT CT,JOHNS CREEK,Georgia,
1599,11931 ASPEN FOREST DR,JOHNS CREEK,Georgia,
1689,12240 CAMERON DR,JOHNS CREEK,Georgia,
1789,415 WITTENRIDGE CT,ALPHARETTA,Georgia,
1998,10595 PLANTATION BRIDGE DR,JOHNS CREEK,Georgia,
1999,10595 PLANTATION BRIDGE DR,JOHNS CREEK,Georgia,
2008,145 COLONY RUN,JOHNS CREEK,Georgia,
2062,5045 ROXBURGH DR,ROSWELL,Georgia,
2253,595 RIDGEMONT DR,ROSWELL,Georgia,
2254,595 RIDGEMONT DR,ROSWELL,Georgia,
2307,325 IVY MILL CT,ROSWELL,Georgia,
2350,675 WATERBROOK TER,ROSWELL,Georgia,
2666,2870 SAPPHIRE ST,SOUTH FULTON,Georgia,
2674,3020 CREEL RD,SOUTH FULTON,Georgia,
2679,2595 FOXLAIR TRL,SOUTH FULTON,Georgia,
2687,6430 CEDAR HURST TRL,SOUTH FULTON,Georgia,
2690,6685 CEDAR HURST TRL,SOUTH FULTON,Georgia,
2701,110 WOODY PATH LN,SOUTH FULTON,Georgia,
2710,6915 KIMBERLY MILL RD,SOUTH FULTON,Georgia,
2712,7225 BUCK CREEK CT,SOUTH FULTON,Georgia,
2713,400 DOE CT,SOUTH FULTON,Georgia,
2768,5305 LONGMEADOW LN,SOUTH FULTON,Georgia,
2769,5305 WESTFORD CIR,SOUTH FULTON,Georgia,
2770,5320 WESTFORD CIR,SOUTH FULTON,Georgia,
2772,5505 LONGMEADOW LN,SOUTH FULTON,Georgia,
2776,5478 DEERFIELD TRL,SOUTH FULTON,Georgia,
2780,5573 STURBRIDGE WAY,SOUTH FULTON,Georgia,
2787,5846 DEERFIELD TRL,SOUTH FULTON,Georgia,
2819,2840 HARPER VALLEY DR,SOUTH FULTON,Georgia,
2822,5958 OLD BILL COOK RD,SOUTH FULTON,Georgia,
2825,3230 FLAT SHOALS RD,SOUTH FULTON,Georgia,
2827,6310 RED OAK RD,SOUTH FULTON,Georgia,
2830,6385 EL CAUDILLO CT,SOUTH FULTON,Georgia,
2833,0 HATHCOCK DR,COLLEGE PARK,Georgia,
2834,0 HATHCOCK DR,COLLEGE PARK,Georgia,
2844,2988 PALM SPRINGS CT,EAST POINT,Georgia,
2851,0 KENT RD,SOUTH FULTON,Georgia,
2852,4615 JANICE DR,SOUTH FULTON,Georgia,
2853,4615 JANICE DR,SOUTH FULTON,Georgia,
2854,4615 JANICE DR,SOUTH FULTON,Georgia,
2864,2085 SURREY TRL,SOUTH FULTON,Georgia,
2870,2454 WEST RD,SOUTH FULTON,Georgia,
2880,5430 TWIN LAKES DR,SOUTH FULTON,Georgia,
2882,5530 TWIN LAKES DR,SOUTH FULTON,Georgia,
2892,3410 PINE TREE TRL,SOUTH FULTON,Georgia,
2901,2555 FLAT SHOALS RD,SOUTH FULTON,Georgia,
2944,2123 BENIDORM CT,SOUTH FULTON,Georgia,
3049,2419 HACKAMORE DR,SOUTH FULTON,Georgia,
3051,2177 CROSSRAIL DR,SOUTH FULTON,Georgia,
3054,6463 GREY FOX WAY,SOUTH FULTON,Georgia,
3080,260 MAGNOLIA WALK LN,SOUTH FULTON,Georgia,
3089,7200 BRADFORD WAY,SOUTH FULTON,Georgia,
3136,6117 OAK BEND CT,SOUTH FULTON,Georgia,
3137,217 BUENA VISTA AVE,ATLANTA,Georgia,
3141,765 FORMWALT ST,ATLANTA,Georgia,
3144,257 HENDRIX AVE,ATLANTA,Georgia,
3146,439 FORMWALT ST,ATLANTA,Georgia,
3148,407 FULTON ST,ATLANTA,Georgia,
3149,458 IRA ST,ATLANTA,Georgia,
3150,380 CRUMLEY ST,ATLANTA,Georgia,
3153,639 WINDSOR ST,ATLANTA,Georgia,
3155,396 BASS ST,ATLANTA,Georgia,
3156,378 BASS ST,ATLANTA,Georgia,
3159,967 WELCH ST,ATLANTA,Georgia,
3164,961 COLEMAN ST,ATLANTA,Georgia,
3165,971 COLEMAN ST,ATLANTA,Georgia,
3166,974 WELCH ST,ATLANTA,Georgia,
3167,962 WELCH ST,ATLANTA,Georgia,
3168,962 WELCH ST,ATLANTA,Georgia,
3170,958 WELCH ST,ATLANTA,Georgia,
3171,978 COLEMAN ST,ATLANTA,Georgia,
3172,964 COLEMAN ST,ATLANTA,Georgia,
3173,954 COLEMAN ST,ATLANTA,Georgia,
3175,952 SIMS ST,ATLANTA,Georgia,
3176,968 SIMS ST,ATLANTA,Georgia,
3177,951 COLEMAN ST,ATLANTA,Georgia,
3180,911 SMITH ST,ATLANTA,Georgia,
3182,907 IRA ST,ATLANTA,Georgia,
3184,379 MARY ST,ATLANTA,Georgia,
3185,379 MARY ST,ATLANTA,Georgia,
3186,924 SMITH ST,ATLANTA,Georgia,
3189,945 SMITH ST,ATLANTA,Georgia,
3191,965 SMITH ST,ATLANTA,Georgia,
3192,971 SMITH ST,ATLANTA,Georgia,
3193,958 MC DANIEL ST,ATLANTA,Georgia,
3195,970 SMITH ST,ATLANTA,Georgia,
3197,944 SMITH ST,ATLANTA,Georgia,
3199,966 IRA ST,ATLANTA,Georgia,
3200,966 IRA ST,ATLANTA,Georgia,
3201,920 IRA ST,ATLANTA,Georgia,
3202,920 IRA ST,ATLANTA,Georgia,
3203,995 COLEMAN ST,ATLANTA,Georgia,
3205,1012 WELCH ST,ATLANTA,Georgia,
3206,1006 WELCH ST,ATLANTA,Georgia,
3207,1002 WELCH ST,ATLANTA,Georgia,
3209,998 WELCH ST,ATLANTA,Georgia,
3211,1005 SIMS ST,ATLANTA,Georgia,
3213,1002 SIMS ST,ATLANTA,Georgia,
3214,1019 MC DANIEL ST,ATLANTA,Georgia,
3215,1035 COLEMAN ST,ATLANTA,Georgia,
3217,1056 WELCH ST,ATLANTA,Georgia,
3218,1049 SIMS ST,ATLANTA,Georgia,
3220,1065 HUBBARD ST,ATLANTA,Georgia,
3223,1054 HUBBARD ST,ATLANTA,Georgia,
3224,999 SMITH ST,ATLANTA,Georgia,
3226,1010 MC DANIEL ST,ATLANTA,Georgia,
3227,1004 MC DANIEL ST,ATLANTA,Georgia,
3228,997 IRA ST,ATLANTA,Georgia,
3229,356 ARTHUR ST,ATLANTA,Georgia,
3230,1009 GARIBALDI ST,ATLANTA,Georgia,
3231,1016 IRA ST,ATLANTA,Georgia,
3232,1029 SMITH ST,ATLANTA,Georgia,
3233,1029 SMITH ST,ATLANTA,Georgia,
3238,1048 GARIBALDI ST,ATLANTA,Georgia,
3239,1012 IRA ST,ATLANTA,Georgia,
3240,1030 IRA ST,ATLANTA,Georgia,
3241,1004 IRA ST,ATLANTA,Georgia,
3242,369 DELEVAN ST,ATLANTA,Georgia,
3249,431 MANFORD RD,ATLANTA,Georgia,
3250,419 MANFORD RD,ATLANTA,Georgia,
3257,882 TIFT AVE,ATLANTA,Georgia,
3259,961 METROPOLITAN PKWY,ATLANTA,Georgia,
3263,1037 METROPOLITAN AVE,ATLANTA,Georgia,
3264,1037 METROPOLITAN AVE,ATLANTA,Georgia,
3269,1081 METROPOLITAN PKWY,ATLANTA,Georgia,
3270,1081 METROPOLITAN PKWY,ATLANTA,Georgia,
3272,1085 METROPOLITAN PKWY,ATLANTA,Georgia,
3273,1113 METROPOLITAN PKWY,ATLANTA,Georgia,
3281,902 ALLENE AVE,ATLANTA,Georgia,
3283,654 GILLETTE AVE,ATLANTA,Georgia,
3285,837 METROPOLITAN PKWY,ATLANTA,Georgia,
3288,1263 GRAYMONT DR,ATLANTA,Georgia,
3289,1283 GRAYMONT DR,ATLANTA,Georgia,
3298,1226 GRAYMONT DR,ATLANTA,Georgia,
3306,1316 KENILWORTH DR,ATLANTA,Georgia,
3307,1280 KENILWORTH DR,ATLANTA,Georgia,
3310,1231 EPWORTH ST,ATLANTA,Georgia,
3312,1305 EPWORTH ST,ATLANTA,Georgia,
3313,1305 EPWORTH ST,ATLANTA,Georgia,
3316,1262 LORENZO DR,ATLANTA,Georgia,
3317,1244 LORENZO DR,ATLANTA,Georgia,
3319,1278 OAKLAND TER,ATLANTA,Georgia,
3322,1240 OAKLAND TER,ATLANTA,Georgia,
3325,1232 EPWORTH ST,ATLANTA,Georgia,
3330,1454 WESTMONT RD,ATLANTA,Georgia,
3331,1454 WESTMONT RD,ATLANTA,Georgia,
3338,1417 ELIZABETH AVE,ATLANTA,Georgia,
3339,1417 ELIZABETH AVE,ATLANTA,Georgia,
3340,1416 GRAYMONT DR,ATLANTA,Georgia,
3342,1410 GRAYMONT DR,ATLANTA,Georgia,
3347,1409 KENILWORTH DR,ATLANTA,Georgia,
3351,1432 ELIZABETH AVE,ATLANTA,Georgia,
3352,1426 ELIZABETH AVE,ATLANTA,Georgia,
3357,1379 BYRERE TER,ATLANTA,Georgia,
3358,1379 BYRERE TER,ATLANTA,Georgia,
3359,1367 BYRERE TER,ATLANTA,Georgia,
3360,1373 EPWORTH ST,ATLANTA,Georgia,
3362,1392 BYRERE TER,ATLANTA,Georgia,
3364,1396 EPWORTH ST,ATLANTA,Georgia,
3365,1275 CAMPBELLTON RD,ATLANTA,Georgia,
3366,1234 BYEWOOD LN,ATLANTA,Georgia,
3367,1255 CAMPBELLTON RD,ATLANTA,Georgia,
3368,1455 RYAN ST,ATLANTA,Georgia,
3373,1480 RYAN ST,ATLANTA,Georgia,
3374,1258 CAMPBELLTON RD,ATLANTA,Georgia,
3375,1432 CONNALLY AVE,ATLANTA,Georgia,
3376,1446 CONNALLY AVE,ATLANTA,Georgia,
3378,882 OAKLAND DR,ATLANTA,Georgia,
3380,912 OAKLAND DR,ATLANTA,Georgia,
3381,1118 RICHLAND RD,ATLANTA,Georgia,
3382,1112 RICHLAND RD,ATLANTA,Georgia,
3383,1108 RICHLAND RD,ATLANTA,Georgia,
3384,1108 RICHLAND RD,ATLANTA,Georgia,
3385,907 LAWTON ST,ATLANTA,Georgia,
3386,907 LAWTON ST,ATLANTA,Georgia,
3387,1176 MONTREAT AVE,ATLANTA,Georgia,
3388,1176 MONTREAT AVE,ATLANTA,Georgia,
3389,1176 MONTREAT AVE,ATLANTA,Georgia,
3391,1183 MERRILL AVE,ATLANTA,Georgia,
3393,1183 MERRILL AVE,ATLANTA,Georgia,
3394,1115 MERRILL AVE,ATLANTA,Georgia,
3397,1013 PEEPLES ST,ATLANTA,Georgia,
3398,966 LAWTON ST,ATLANTA,Georgia,
3399,956 LAWTON ST,ATLANTA,Georgia,
3400,1151 TUCKER PL,ATLANTA,Georgia,
3401,1010 OAKLAND DR,ATLANTA,Georgia,
3402,1061 PEEPLES ST,ATLANTA,Georgia,
3403,1105 CORDOVA ST,ATLANTA,Georgia,
3405,1073 PEEPLES ST,ATLANTA,Georgia,
3406,1003 SPARKS ST,ATLANTA,Georgia,
3407,1005 SPARKS ST,ATLANTA,Georgia,
3408,1017 SPARKS ST,ATLANTA,Georgia,
3409,1021 SPARKS ST,ATLANTA,Georgia,
3410,1037 SPARKS ST,ATLANTA,Georgia,
3411,1037 SPARKS ST,ATLANTA,Georgia,
3414,1049 LAWTON ST,ATLANTA,Georgia,
3415,1053 LAWTON AVE,ATLANTA,Georgia,
3417,969 DIMMOCK ST,ATLANTA,Georgia,
3418,1028 LAWTON AVE,ATLANTA,Georgia,
3419,1022 LAWTON ST,ATLANTA,Georgia,
3420,1033 WHITEOAK AVE,ATLANTA,Georgia,
3421,1085 WHITEOAK AVE,ATLANTA,Georgia,
3423,1100 WHITEOAK AVE,ATLANTA,Georgia,
3425,1100 WHITEOAK AVE,ATLANTA,Georgia,
3426,1094 WHITEOAK AVE,ATLANTA,Georgia,
3427,1094 WHITEOAK AVE,ATLANTA,Georgia,
3428,1070 WHITEOAK AVE,ATLANTA,Georgia,
3429,1070 WHITEOAK AVE,ATLANTA,Georgia,
3430,1078 PEEPLES ST,ATLANTA,Georgia,
3431,1096 PEEPLES ST,ATLANTA,Georgia,
3433,1137 ARLINGTON AVE,ATLANTA,Georgia,
3434,1091 SELWIN AVE,ATLANTA,Georgia,
3435,1115 SELWIN AVE,ATLANTA,Georgia,
3436,1130 OAKLAND DR,ATLANTA,Georgia,
3438,1124 OAKLAND DR,ATLANTA,Georgia,
3439,1098 OAKLAND DR,ATLANTA,Georgia,
3440,1163 WILMINGTON AVE,ATLANTA,Georgia,
3441,1184 WILMINGTON AVE,ATLANTA,Georgia,
3442,1174 WILMINGTON AVE,ATLANTA,Georgia,
3443,1174 WILMINGTON AVE,ATLANTA,Georgia,
3444,1160 WILMINGTON AVE,ATLANTA,Georgia,
3445,1152 OAKLAND DR,ATLANTA,Georgia,
3447,1130 LA ROSA TER,ATLANTA,Georgia,
3448,1130 LA ROSA TER,ATLANTA,Georgia,
3450,1124 LA ROSA TER,ATLANTA,Georgia,
3451,1174 PRINCESS AVE,ATLANTA,Georgia,
3452,1198 AVON AVE,ATLANTA,Georgia,
3454,1254 PRINCESS AVE,ATLANTA,Georgia,
3455,1254 PRINCESS AVE,ATLANTA,Georgia,
3458,1316 OAKLAND DR,ATLANTA,Georgia,
3461,1161 JEFFERSON AVE,EAST POINT,Georgia,
3481,1237 WINBURN DR,EAST POINT,Georgia,
3483,1531 BELMONT AVE,ATLANTA,Georgia,
3487,1583 ATHENS AVE,ATLANTA,Georgia,
3488,1617 ATHENS AVE,ATLANTA,Georgia,
3489,1578 BELMONT AVE,ATLANTA,Georgia,
3490,1552 BELMONT AVE,ATLANTA,Georgia,
3493,1581 METROPOLITAN PKWY,ATLANTA,Georgia,
3494,1591 METROPOLITAN PKWY,ATLANTA,Georgia,
3495,1591 METROPOLITAN PKWY,ATLANTA,Georgia,
3497,1558 ATHENS AVE,ATLANTA,Georgia,
3501,823 BEECHWOOD AVE,ATLANTA,Georgia,
3502,1276 ALLENE AVE,ATLANTA,Georgia,
3503,790 BEECHWOOD AVE,ATLANTA,Georgia,
3505,847 DILL AVE,ATLANTA,Georgia,
3507,817 DILL AVE,ATLANTA,Georgia,
3512,1365 HARTFORD AVE,ATLANTA,Georgia,
3514,874 DILL AVE,ATLANTA,Georgia,
3515,874 DILL AVE,ATLANTA,Georgia,
3516,874 DILL AVE,ATLANTA,Georgia,
3517,1405 GRAHAM ST,ATLANTA,Georgia,
3520,1411 FAIRBANKS ST,ATLANTA,Georgia,
3522,1412 GRAHAM ST,ATLANTA,Georgia,
3524,810 DILL AVE,ATLANTA,Georgia,
3525,806 DILL AVE,ATLANTA,Georgia,
3527,806 DILL AVE,ATLANTA,Georgia,
3528,802 DILL AVE,ATLANTA,Georgia,
3531,0 EVERHART ST,ATLANTA,Georgia,
3532,750 DILL AVE,ATLANTA,Georgia,
3538,1395 BEATIE AVE,ATLANTA,Georgia,
3539,1406 DE SOTO AVE,ATLANTA,Georgia,
3542,1386 BEATIE AVE,ATLANTA,Georgia,
3544,1366 BEATIE AVE,ATLANTA,Georgia,
3545,1366 BEATIE AVE,ATLANTA,Georgia,
3550,1464 GRAHAM ST,ATLANTA,Georgia,
3551,1450 GRAHAM ST,ATLANTA,Georgia,
3563,1454 BEATIE AVE,ATLANTA,Georgia,
3565,1454 BEATIE AVE,ATLANTA,Georgia,
3566,1449 ATHENS AVE,ATLANTA,Georgia,
3567,1449 ATHENS AVE,ATLANTA,Georgia,
3570,959 DILL AVE,ATLANTA,Georgia,
3571,975 DILL AVE,ATLANTA,Georgia,
3572,993 DILL AVE,ATLANTA,Georgia,
3573,993 DILL AVE,ATLANTA,Georgia,
3574,999 DILL AVE,ATLANTA,Georgia,
3575,1056 DILL AVE,ATLANTA,Georgia,
3576,1052 DILL AVE,ATLANTA,Georgia,
3577,1050 DILL AVE,ATLANTA,Georgia,
3578,1050 DILL AVE,ATLANTA,Georgia,
3580,1020 DILL AVE,ATLANTA,Georgia,
3581,1020 DILL AVE,ATLANTA,Georgia,
3582,934 DILL AVE,ATLANTA,Georgia,
3583,930 DILL AVE,ATLANTA,Georgia,
3584,1371 SYLVAN RD,ATLANTA,Georgia,
3587,558 GRANT ST,ATLANTA,Georgia,
3590,1045 DECKNER AVE,ATLANTA,Georgia,
3591,1491 LANGSTON AVE,ATLANTA,Georgia,
3594,1516 MURPHY AVE,ATLANTA,Georgia,
3595,1524 MURPHY AVE,ATLANTA,Georgia,
3596,1527 LANGSTON AVE,ATLANTA,Georgia,
3600,1570 LANGSTON AVE,ATLANTA,Georgia,
3602,1016 DECKNER AVE,ATLANTA,Georgia,
3606,1003 BYRON DR,ATLANTA,Georgia,
3607,1540 MELROSE DR,ATLANTA,Georgia,
3608,974 BYRON DR,ATLANTA,Georgia,
3613,980 KATHERWOOD DR,ATLANTA,Georgia,
3614,944 HARTE DR,ATLANTA,Georgia,
3615,1737 EVANS DR,ATLANTA,Georgia,
3616,1737 EVANS DR,ATLANTA,Georgia,
3618,1736 LANIER DR,ATLANTA,Georgia,
3622,1787 LANGSTON AVE,ATLANTA,Georgia,
3623,1063 VICTORY DR,ATLANTA,Georgia,
3625,1063 VICTORY DR,ATLANTA,Georgia,
3627,1804 LANGSTON AVE,ATLANTA,Georgia,
3628,949 HOPE DR,ATLANTA,Georgia,
3633,771 NORTH EVELYN PL,ATLANTA,Georgia,
3634,767 NORTH EVELYN PL,ATLANTA,Georgia,
3637,1685 DONALD LEE HOLLOWELL PKWY,ATLANTA,Georgia,
3638,660 FLORENCE PL,ATLANTA,Georgia,
3640,676 HORTENSE PL,ATLANTA,Georgia,
3641,676 HORTENSE PL,ATLANTA,Georgia,
3642,790 HORTENSE WAY,ATLANTA,Georgia,
3647,691 FRANCIS PL,ATLANTA,Georgia,
3655,949 CATO ST,ATLANTA,Georgia,
3656,949 CATO ST,ATLANTA,Georgia,
3672,2029 DETROIT AVE,ATLANTA,Georgia,
3673,2015 DETROIT AVE,ATLANTA,Georgia,
3677,403 WESTCHESTER BLVD,ATLANTA,Georgia,
3678,382 ILLINOIS AVE,ATLANTA,Georgia,
3681,2015 CHICAGO AVE,ATLANTA,Georgia,
3682,2012 JOSEPH E BOONE BLVD,ATLANTA,Georgia,
3686,2064 CHICAGO AVE,ATLANTA,Georgia,
3687,382 YONKERS AVE,ATLANTA,Georgia,
3689,2059 DETROIT AVE,ATLANTA,Georgia,
3690,2070 DETROIT AVE,ATLANTA,Georgia,
3692,1957 PINEDALE DR,ATLANTA,Georgia,
3693,1894 NORTH AVE,ATLANTA,Georgia,
3697,1636 DETROIT AVE,ATLANTA,Georgia,
3698,361 SIMPSON TER,ATLANTA,Georgia,
3699,1808 PINEDALE DR,ATLANTA,Georgia,
3700,640 SIMMONS ST,ATLANTA,Georgia,
3703,960 PELHAM ST,ATLANTA,Georgia,
3711,505 NORFOLK ST,ATLANTA,Georgia,
3713,0 CAIRO ST,ATLANTA,Georgia,
3717,934 PROCTOR ST,ATLANTA,Georgia,
3721,1340 NORTH AVE,ATLANTA,Georgia,
3726,944 JOSEPH E BOONE BLVD,ATLANTA,Georgia,
3728,933 ASHBY CIR,ATLANTA,Georgia,
3729,941 ASHBY CIR,ATLANTA,Georgia,
3736,1086 MAYSON TURNER RD,ATLANTA,Georgia,
3743,1022 WASHINGTON HEIGHTS TER,ATLANTA,Georgia,
3751,951 MAYSON TURNER RD,ATLANTA,Georgia,
3758,980 MICHIGAN AVE,ATLANTA,Georgia,
3759,1000 DE SOTO ST,ATLANTA,Georgia,
3777,1015 PARSONS ST,ATLANTA,Georgia,
3791,961 CAMILLA ST,ATLANTA,Georgia,
3796,142 FIRST ST,ATLANTA,Georgia,
3824,960 JOYCE ST,ATLANTA,Georgia,
3833,303 ATWOOD ST,ATLANTA,Georgia,
3836,598 PARSONS ST,ATLANTA,Georgia,
3840,889 T P BURRUSS SR DR,ATLANTA,Georgia,
3844,831 DRUMMOND ST,ATLANTA,Georgia,
3846,880 DRUMMOND ST,ATLANTA,Georgia,
3851,606 THURMOND ST,ATLANTA,Georgia,
3857,596 RHODES ST,ATLANTA,Georgia,
3858,218 SCIPLE TER,ATLANTA,Georgia,
3860,859 THURMOND ST,ATLANTA,Georgia,
3863,0 POND ST,ATLANTA,Georgia,
3864,228 JAMES P BRAWLEY DR,ATLANTA,Georgia,
3865,752 JOSEPH E BOONE BLVD,ATLANTA,Georgia,
3866,287 GRIFFIN ST,ATLANTA,Georgia,
3867,708 JOSEPH E BOONE BLVD,ATLANTA,Georgia,
3885,1214 CALHOUN AVE,EAST POINT,Georgia,
3895,1447 HARDIN AVE,COLLEGE PARK,Georgia,
3909,1628 HARDIN AVE,COLLEGE PARK,Georgia,
3918,1752 TEMPLE AVE,COLLEGE PARK,Georgia,
3919,1703 TEMPLE AVE,COLLEGE PARK,Georgia,
3942,1032 NATHAM DR,ATLANTA,Georgia,
3946,1095 STONEWALL DR,ATLANTA,Georgia,
3954,969 STONEWALL DR,ATLANTA,Georgia,
3956,2013 LEWIS RD,ATLANTA,Georgia,
3960,866 LEE ANDREWS AVE,ATLANTA,Georgia,
3991,1356 KIPLING ST,ATLANTA,Georgia,
3999,858 MC DONOUGH BLVD,ATLANTA,Georgia,
4005,1582 PONTIAC PL,ATLANTA,Georgia,
4006,1582 PONTIAC PL,ATLANTA,Georgia,
4007,1554 WOODLAND CIR,ATLANTA,Georgia,
4010,1030 MORELAND DR,ATLANTA,Georgia,
4019,886 CUSTER AVE,ATLANTA,Georgia,
4020,732 CUSTER AVE,ATLANTA,Georgia,
4046,1176 VICKERS ST,ATLANTA,Georgia,
4068,925 GILBERT ST,ATLANTA,Georgia,
4072,911 MORELAND AVE,ATLANTA,Georgia,
4073,959 MORELAND AVE,ATLANTA,Georgia,
4084,636 VERNON AVE,ATLANTA,Georgia,
4097,984 ORMEWOOD AVE,ATLANTA,Georgia,
4118,1010 EDEN AVE,ATLANTA,Georgia,
4138,183 VANIRA AVE,ATLANTA,Georgia,
4144,1010 DUNNING ST,ATLANTA,Georgia,
4145,1001 MARTIN ST,ATLANTA,Georgia,
4146,1015 MARTIN ST,ATLANTA,Georgia,
4147,124 HAYGOOD AVE,ATLANTA,Georgia,
4151,245 TUSKEGEE ST,ATLANTA,Georgia,
4153,999 GRANT TER,ATLANTA,Georgia,
4154,1043 FERN AVE,ATLANTA,Georgia,
4156,162 HAYGOOD AVE,ATLANTA,Georgia,
4158,1061 GRANT TER,ATLANTA,Georgia,
4160,193 HAYGOOD AVE,ATLANTA,Georgia,
4169,58 BISBEE AVE,ATLANTA,Georgia,
4171,1435 MURRAY ST,ATLANTA,Georgia,
4176,1459 JONESBORO RD,ATLANTA,Georgia,
4178,1374 LAKEWOOD AVE,ATLANTA,Georgia,
4182,86 MELDON AVE,ATLANTA,Georgia,
4186,28 PARK AVE,ATLANTA,Georgia,
4188,240 BOOKER AVE,ATLANTA,Georgia,
4191,248 BOOKER ST,ATLANTA,Georgia,
4193,256 BOOKER ST,ATLANTA,Georgia,
4201,1657 THORNTON PL,ATLANTA,Georgia,
4205,2038 BEAUPREE ST,ATLANTA,Georgia,
4207,2033 REYNOLDS DR,ATLANTA,Georgia,
4220,607 PICKETT ST,ATLANTA,Georgia,
4226,114 TYE ST,ATLANTA,Georgia,
4256,647 MC DONALD ST,ATLANTA,Georgia,
4279,1109 COLQUITT AVE,ATLANTA,Georgia,
4318,797 GREENWOOD AVE,ATLANTA,Georgia,
4319,865 GREENWOOD AVE,ATLANTA,Georgia,
4352,0 SAINT CHARLES WAY,ATLANTA,Georgia,
4363,744 PENN AVE,ATLANTA,Georgia,
4381,426 ARNOLD ST,ATLANTA,Georgia,
4397,2280 MACON DR,ATLANTA,Georgia,
4399,2332 MACON DR,ATLANTA,Georgia,
4403,2317 POLAR ROCK AVE,ATLANTA,Georgia,
4407,2329 POLAR ROCK TER,ATLANTA,Georgia,
4416,2364 BURROUGHS AVE,ATLANTA,Georgia,
4417,2364 BURROUGHS AVE,ATLANTA,Georgia,
4418,2146 BROWNS MILL RD,ATLANTA,Georgia,
4419,2227 JERNIGAN DR,ATLANTA,Georgia,
4420,2134 JERNIGAN DR,ATLANTA,Georgia,
4421,2228 JERNIGAN DR,ATLANTA,Georgia,
4422,2141 BURROUGHS AVE,ATLANTA,Georgia,
4427,2180 BURROUGHS AVE,ATLANTA,Georgia,
4433,2244 CAREY DR,ATLANTA,Georgia,
4434,2260 CAREY DR,ATLANTA,Georgia,
4435,2245 CAREY DR,ATLANTA,Georgia,
4439,2306 CAREY DR,ATLANTA,Georgia,
4440,559 MC WILLIAMS RD,ATLANTA,Georgia,
4443,400 LINDSEY DR,ATLANTA,Georgia,
4444,400 LINDSEY DR,ATLANTA,Georgia,
4448,331 EAST RHINEHILL RD,ATLANTA,Georgia,
4451,2139 MEADOR AVE,ATLANTA,Georgia,
4452,2187 BAYWOOD DR,ATLANTA,Georgia,
4455,2248 BAYWOOD DR,ATLANTA,Georgia,
4459,2377 BAYWOOD DR,ATLANTA,Georgia,
4461,2485 SWALLOW CIR,ATLANTA,Georgia,
4465,80 FINCH DR,ATLANTA,Georgia,
4466,66 FINCH DR,ATLANTA,Georgia,
4469,35 FINCH DR,ATLANTA,Georgia,
4483,84 CLEVELAND AVE,ATLANTA,Georgia,
4490,2761 THIRD AVE,ATLANTA,Georgia,
4493,2805 GRAND AVE,ATLANTA,Georgia,
4495,2800 GRAND AVE,ATLANTA,Georgia,
4515,516 LAKE DR,HAPEVILLE,Georgia,
4516,516 LAKE DR,HAPEVILLE,Georgia,
4518,3154 JACKSON ST,HAPEVILLE,Georgia,
4519,3154 JACKSON ST,HAPEVILLE,Georgia,
4521,543 LAKE DR,HAPEVILLE,Georgia,
4522,543 LAKE DR,HAPEVILLE,Georgia,
4526,545 OAK DR,HAPEVILLE,Georgia,
4527,516 WALNUT ST,HAPEVILLE,Georgia,
4529,510 WALNUT ST,HAPEVILLE,Georgia,
4530,510 WALNUT ST,HAPEVILLE,Georgia,
4532,3251 OLD JONESBORO RD,HAPEVILLE,Georgia,
4536,514 OAK DR,HAPEVILLE,Georgia,
4539,397 LAKE DR,HAPEVILLE,Georgia,
4540,3225 FORREST HILLS DR,HAPEVILLE,Georgia,
4543,356 LAKE DR,HAPEVILLE,Georgia,
4544,487 WOODROW AVE,HAPEVILLE,Georgia,
4547,208 MOUNT ZION RD,HAPEVILLE,Georgia,
4548,243 MORELAND WAY,HAPEVILLE,Georgia,
4549,230 MORELAND WAY,HAPEVILLE,Georgia,
4551,259 MAPLE ST,HAPEVILLE,Georgia,
4552,259 MAPLE ST,HAPEVILLE,Georgia,
4553,274 MAPLE ST,HAPEVILLE,Georgia,
4555,250 MAPLE ST,HAPEVILLE,Georgia,
4558,241 BIRCH ST,HAPEVILLE,Georgia,
4560,220 BIRCH ST,HAPEVILLE,Georgia,
4561,200 BIRCH ST,HAPEVILLE,Georgia,
4568,3074 OLD JONESBORO RD,HAPEVILLE,Georgia,
4569,3074 OLD JONESBORO RD,HAPEVILLE,Georgia,
4571,333 MAPLE ST,HAPEVILLE,Georgia,
4573,308 MAPLE ST,HAPEVILLE,Georgia,
4574,308 MAPLE ST,HAPEVILLE,Georgia,
4575,308 MAPLE ST,HAPEVILLE,Georgia,
4580,620 SPRING ST,HAPEVILLE,Georgia,
4581,3309 NORTH FULTON AVE,HAPEVILLE,Georgia,
4583,3452 LOUISE ST,HAPEVILLE,Georgia,
4589,3389 OLD JONESBORO RD,HAPEVILLE,Georgia,
4590,3305 RUSSELL ST,HAPEVILLE,Georgia,
4592,489 RADAR DR,HAPEVILLE,Georgia,
4594,493 BARNETT DR,HAPEVILLE,Georgia,
4608,3285 WHITNEY AVE,HAPEVILLE,Georgia,
4614,679 NORTH CENTRAL AVE,HAPEVILLE,Georgia,
4618,1356 CHAMBERS AVE,EAST POINT,Georgia,
4623,1326 CHAMBERS AVE,EAST POINT,Georgia,
4624,1326 CHAMBERS AVE,EAST POINT,Georgia,
4626,1301 KNOTTS AVE,EAST POINT,Georgia,
4641,2255 NEWNAN ST,EAST POINT,Georgia,
4642,2255 NEWNAN ST,EAST POINT,Georgia,
4648,1327 MC CLELLAND AVE,EAST POINT,Georgia,
4649,1327 MC CLELLAND AVE,EAST POINT,Georgia,
4655,1524 SAINT JOSEPH AVE,EAST POINT,Georgia,
4661,553 SPRINGSIDE DR,ATLANTA,Georgia,
4662,2919 JONESBORO RD,ATLANTA,Georgia,
4663,2939 ORCHARD LN,ATLANTA,Georgia,
4668,2965 BROWNS MILL RD,ATLANTA,Georgia,
4694,3194 EMPIRE BLVD,ATLANTA,Georgia,
4704,31 BAKER DR,ATLANTA,Georgia,
4709,2850 WATERS RD,ATLANTA,Georgia,
4710,105 MOUNT ZION RD,ATLANTA,Georgia,
4711,1018 HUTCHENS RD,ATLANTA,Georgia,
4714,2782 JONESBORO RD,ATLANTA,Georgia,
4716,640 HUTCHENS RD,ATLANTA,Georgia,
4719,876 HUTCHENS RD,ATLANTA,Georgia,
4721,759 TARA CIR,ATLANTA,Georgia,
4725,611 WAYNES CT,ATLANTA,Georgia,
4729,1688 CONNALLY DR,EAST POINT,Georgia,
4730,2498 LESTER ST,EAST POINT,Georgia,
4737,2495 SEMMES ST,EAST POINT,Georgia,
4738,1849 WEST FORREST AVE,EAST POINT,Georgia,
4750,2205 PENROSE DR,EAST POINT,Georgia,
4752,2219 PENROSE DR,EAST POINT,Georgia,
4753,2219 PENROSE DR,EAST POINT,Georgia,
4754,2219 PENROSE DR,EAST POINT,Georgia,
4755,2272 FERNWOOD DR,EAST POINT,Georgia,
4756,1888 CONNALLY DR,EAST POINT,Georgia,
4760,2142 WESTOVER DR,EAST POINT,Georgia,
4762,1090 OAK KNOLL TER,ATLANTA,Georgia,
4763,1117 OAK KNOLL TER,ATLANTA,Georgia,
4764,1125 OAK KNOLL TER,ATLANTA,Georgia,
4768,2894 SOUTH CLARK DR,EAST POINT,Georgia,
4770,2604 KIMMERIDGE DR,EAST POINT,Georgia,
4775,2113 MULBERRY ST,EAST POINT,Georgia,
4777,2448 CONNALLY DR,EAST POINT,Georgia,
4782,2505 CONNALLY DR,EAST POINT,Georgia,
4784,2491 CALVIN AVE,EAST POINT,Georgia,
4792,2510 STONE RD,EAST POINT,Georgia,
4795,3234 PEBBLE DR,EAST POINT,Georgia,
4799,3087 MEADOW LARK LN,EAST POINT,Georgia,
4800,3100 MEADOW LARK LN,EAST POINT,Georgia,
4822,1868 WEST MERCER AVE,COLLEGE PARK,Georgia,
4853,1937 MERCER AVE,COLLEGE PARK,Georgia,
4857,1431 LOCKWOOD DR,ATLANTA,Georgia,
4861,1411 WESTMONT RD,ATLANTA,Georgia,
4863,1404 LOCKWOOD DR,ATLANTA,Georgia,
4871,1311 WESTMONT RD,ATLANTA,Georgia,
4875,1446 MORAY ST,ATLANTA,Georgia,
4879,1692 SANDTOWN RD,ATLANTA,Georgia,
4881,1437 MORAY ST,ATLANTA,Georgia,
4888,1354 WICHITA DR,ATLANTA,Georgia,
4890,1621 SANDTOWN RD,ATLANTA,Georgia,
4894,1353 WICHITA DR,ATLANTA,Georgia,
4897,1215 WESTMONT RD,ATLANTA,Georgia,
4898,1227 WESTMONT RD,ATLANTA,Georgia,
4900,1538 SARAH M HARDEN DR,ATLANTA,Georgia,
4901,1538 SARAH M HARDEN DR,ATLANTA,Georgia,
4902,1775 CAMPBELLTON RD,ATLANTA,Georgia,
4909,1595 WILLOWBROOK DR,ATLANTA,Georgia,
4910,1595 WILLOWBROOK DR,ATLANTA,Georgia,
4916,1670 PINEHURST DR,ATLANTA,Georgia,
4917,1670 PINEHURST DR,ATLANTA,Georgia,
4923,1318 ANCHOR TER,ATLANTA,Georgia,
4930,1446 PINEHURST DR,ATLANTA,Georgia,
4931,1860 BAYBERRY DR,ATLANTA,Georgia,
4932,1860 BAYBERRY DR,ATLANTA,Georgia,
4944,1531 CENTRA VILLA DR,ATLANTA,Georgia,
4947,1297 POLLARD DR,ATLANTA,Georgia,
4948,1297 POLLARD DR,ATLANTA,Georgia,
4968,910 LYNHURST DR,ATLANTA,Georgia,
4982,3345 ANNELAINE DR,ATLANTA,Georgia,
4990,1836 WINDSOR DR,ATLANTA,Georgia,
4991,1755 WILLIS MILL RD,ATLANTA,Georgia,
4997,1767 DODSON DR,ATLANTA,Georgia,
4998,1572 WILLIS MILL RD,ATLANTA,Georgia,
5000,1425 DODSON DR,ATLANTA,Georgia,
5003,1607 HARBIN RD,ATLANTA,Georgia,
5006,2707 CANOVA ST,ATLANTA,Georgia,
5010,2106 CHILDRESS DR,ATLANTA,Georgia,
5011,2106 CHILDRESS DR,ATLANTA,Georgia,
5012,3260 MOUNT GILEAD RD,ATLANTA,Georgia,
5013,3250 MOUNT GILEAD RD,ATLANTA,Georgia,
5014,3160 MOUNT GILEAD RD,ATLANTA,Georgia,
5020,2212 STAR MIST DR,ATLANTA,Georgia,
5033,671 CLOVER ST,ATLANTA,Georgia,
5036,680 MONTEVISTA ST,ATLANTA,Georgia,
5037,680 MONTEVISTA ST,ATLANTA,Georgia,
5043,1985 SHIRLEY ST,ATLANTA,Georgia,
5045,2035 BEECHER RD,ATLANTA,Georgia,
5050,2063 RECTOR DR,ATLANTA,Georgia,
5051,2055 RECTOR DR,ATLANTA,Georgia,
5062,471 WESTMEATH DR,ATLANTA,Georgia,
5063,475 WESTMEATH DR,ATLANTA,Georgia,
5076,1519 STOKES AVE,ATLANTA,Georgia,
5086,88 BURBANK DR,ATLANTA,Georgia,
5095,134 CHAPPELL RD,ATLANTA,Georgia,
5101,151 ROCKMART DR,ATLANTA,Georgia,
5104,123 STAFFORD ST,ATLANTA,Georgia,
5105,140 BURBANK DR,ATLANTA,Georgia,
5106,116 STAFFORD ST,ATLANTA,Georgia,
5108,245 MATHEWSON PL,ATLANTA,Georgia,
5114,1485 WESTVIEW DR,ATLANTA,Georgia,
5119,1419 WESTVIEW DR,ATLANTA,Georgia,
5127,1722 BROWNING ST,ATLANTA,Georgia,
5129,1753 RALPH D ABERNATHY BLVD,ATLANTA,Georgia,
5139,1575 MIMS ST,ATLANTA,Georgia,
5148,186 RACINE ST,ATLANTA,Georgia,
5150,1576 MIMS ST,ATLANTA,Georgia,
5152,1579 ELIXIR AVE,ATLANTA,Georgia,
5160,256 LAUREL AVE,ATLANTA,Georgia,
5165,2212 TELHURST ST,ATLANTA,Georgia,
5168,2184 WINGATE ST,ATLANTA,Georgia,
5170,2125 LARCHWOOD RD,ATLANTA,Georgia,
5174,209 SILVER SPRINGS CIR,ATLANTA,Georgia,
5177,169 FLORIDA AVE,ATLANTA,Georgia,
5178,169 FLORIDA AVE,ATLANTA,Georgia,
5182,2875 BENJAMIN E MAYS DR,ATLANTA,Georgia,
5187,643 LYNHURST DR,ATLANTA,Georgia,
5190,732 LYNN CIR,ATLANTA,Georgia,
5192,3072 LYNHURST CIR,ATLANTA,Georgia,
5195,300 LYNHURST DR,ATLANTA,Georgia,
5200,553 BROWNLEE RD,ATLANTA,Georgia,
5201,3603 CALMER CIR,EAST POINT,Georgia,
5203,0 FAIRWAY DR,COLLEGE PARK,Georgia,
5205,3727 CHESAPEAKE WAY,EAST POINT,Georgia,
5206,2950 REVERE CT,EAST POINT,Georgia,
5209,3459 DODSON TER,EAST POINT,Georgia,
5211,3338 MOUNT OLIVE RD,EAST POINT,Georgia,
5212,3338 MOUNT OLIVE RD,EAST POINT,Georgia,
5213,3338 MOUNT OLIVE RD,EAST POINT,Georgia,
5217,3467 SCENIC DR,EAST POINT,Georgia,
5218,2906 WEST POTOMAC DR,EAST POINT,Georgia,
5236,400 WEST PEACHTREE ST,ATLANTA,Georgia,
5263,400 WEST PEACHTREE ST,ATLANTA,Georgia,
5285,289 SEWANEE AVE,ATLANTA,Georgia,
5288,210 JOE LOUIS DR,ATLANTA,Georgia,
5290,211 CARVER CIR,ATLANTA,Georgia,
5292,211 WADLEY ST,ATLANTA,Georgia,
5295,2183 PANSY ST,ATLANTA,Georgia,
5296,2183 PANSY ST,ATLANTA,Georgia,
5316,509 PARK VALLEY DR,ATLANTA,Georgia,
5320,2937 COLLIER DR,ATLANTA,Georgia,
5325,2830 DALE CREEK DR,ATLANTA,Georgia,
5334,1588 EZRA CHURCH DR,ATLANTA,Georgia,
5338,20 HOLLY RD,ATLANTA,Georgia,
5339,20 HOLLY RD,ATLANTA,Georgia,
5345,235 HOLLY RD,ATLANTA,Georgia,
5346,209 HOLLY RD,ATLANTA,Georgia,
5347,282 WHITAKER CIR,ATLANTA,Georgia,
5350,1750 TIGER FLOWERS DR,ATLANTA,Georgia,
5351,1750 TIGER FLOWERS DR,ATLANTA,Georgia,
5352,1754 TIGER FLOWERS DR,ATLANTA,Georgia,
5354,1376 BERNARD ST,ATLANTA,Georgia,
5358,180 BURBANK DR,ATLANTA,Georgia,
5365,0 ARCADIA CIR,ATLANTA,Georgia,
5371,132 STAFFORD ST,ATLANTA,Georgia,
5405,1689 STANTON RD,ATLANTA,Georgia,
5414,1743 CARTER CIR,EAST POINT,Georgia,
5415,1775 GILLEM ST,EAST POINT,Georgia,
5421,845 SKIPPER DR,ATLANTA,Georgia,
5422,845 SKIPPER DR,ATLANTA,Georgia,
5424,3218 VANDERBILT LN,ATLANTA,Georgia,
5427,2314 BRYANT DR,EAST POINT,Georgia,
5428,2314 BRYANT DR,EAST POINT,Georgia,
5429,2314 BRYANT DR,EAST POINT,Georgia,
5430,2575 CONNALLY DR,EAST POINT,Georgia,
5433,2720 CHERRY LAUREL LN,ATLANTA,Georgia,
5438,2710 HAYDEN DR,EAST POINT,Georgia,
5457,324 ARD PL,ATLANTA,Georgia,
5458,343 ARD PL,ATLANTA,Georgia,
5459,279 FAIRBURN RD,ATLANTA,Georgia,
5460,279 FAIRBURN RD,ATLANTA,Georgia,
5462,305 FAIRBURN RD,ATLANTA,Georgia,
5463,79 HOWELL DR,ATLANTA,Georgia,
5466,3332 DELMAR LN,ATLANTA,Georgia,
5467,3332 DELMAR LN,ATLANTA,Georgia,
5469,245 ARGUS CIR,ATLANTA,Georgia,
5472,226 HOWELL DR,ATLANTA,Georgia,
5549,414 ROSWELL GREEN LN,ROSWELL,Georgia,
5702,1277 NILES AVE,ATLANTA,Georgia,
5732,1451 WESSYNGTON RD,ATLANTA,Georgia,
5743,1384 NORTHVIEW AVE,ATLANTA,Georgia,
5754,934 AMSTERDAM AVE,ATLANTA,Georgia,
5779,651 YORKSHIRE RD,ATLANTA,Georgia,
5825,591 WIMBLEDON RD,ATLANTA,Georgia,
5840,2358 ARMAND RD,ATLANTA,Georgia,
5953,3903 SHELDON DR,ATLANTA,Georgia,
5954,3903 SHELDON DR,ATLANTA,Georgia,
5969,0 PINECREST RD,ATLANTA,Georgia,
5975,4067 LAND O LAKES DR,ATLANTA,Georgia,
6033,4015 WIEUCA RD,ATLANTA,Georgia,
6038,775 STOVALL BLV,ATLANTA,Georgia,
6049,689 LONGLEAF DR,ATLANTA,Georgia,
6072,4520 NORTHSIDE DR,SANDY SPRINGS,Georgia,
6086,4888 JETT RD,SANDY SPRINGS,Georgia,
6092,6220 ABERDEEN DR,SANDY SPRINGS,Georgia,
6142,0 MOUNT VERNON HWY,SANDY SPRINGS,Georgia,
6153,5441 NORTH POWERS FERRY RD,SANDY SPRINGS,Georgia,
6172,4064 NORTHSIDE DR,ATLANTA,Georgia,
6212,3299 MATHIESON DR,ATLANTA,Georgia,
6230,2684 ELLWOOD DR,ATLANTA,Georgia,
6235,2648 SHARONDALE DR,ATLANTA,Georgia,
6258,196 RUMSON RD,ATLANTA,Georgia,
6414,2181 HOWELL MILL RD,ATLANTA,Georgia,
6421,2155 MC KINLEY RD,ATLANTA,Georgia,
6437,808 WESLEY DR,ATLANTA,Georgia,
6445,897 WESLEY DR,ATLANTA,Georgia,
6494,2760 CARMON ON WESLEY RD,ATLANTA,Georgia,
6510,956 PEACHTREE BATTLE CIR,ATLANTA,Georgia,
6558,756 BELLEMEADE AVE,ATLANTA,Georgia,
6599,2175 ADAMS DR,ATLANTA,Georgia,
6633,1829 WILLIAMS PL,ATLANTA,Georgia,
6667,1689 ABNER CT,ATLANTA,Georgia,
6668,1689 ABNER CT,ATLANTA,Georgia,
6683,1140 LOTUS AVE,ATLANTA,Georgia,
6691,0 FORD AVE,ATLANTA,Georgia,
6692,921 HALL ST,ATLANTA,Georgia,
6693,921 HALL ST,ATLANTA,Georgia,
6696,1030 HOLLYWOOD RD,ATLANTA,Georgia,
6701,1200 GUN CLUB RD,ATLANTA,Georgia,
6723,924 CAPITOL VIEW AVE,ATLANTA,Georgia,
6724,2598 ELLIOTT ST,ATLANTA,Georgia,
6732,2668 MANGO CIR,ATLANTA,Georgia,
6733,2869 MANGO CIR,ATLANTA,Georgia,
6734,2709 MANGO CIR,ATLANTA,Georgia,
6743,1591 BRIDGEPORT DR,ATLANTA,Georgia,
6744,1583 BRIDGEPORT DR,ATLANTA,Georgia,
6747,2858 MARCO DR,ATLANTA,Georgia,
6750,2807 BROWNTOWN RD,ATLANTA,Georgia,
6753,2879 ARGYLE DR,ATLANTA,Georgia,
6758,1407 BOLTON RD,ATLANTA,Georgia,
6768,2473 EDWARDS DR,ATLANTA,Georgia,
6777,2330 PAUL AVE,ATLANTA,Georgia,
6792,2155 MAIN ST,ATLANTA,Georgia,
6799,2481 FORREST AVE,ATLANTA,Georgia,
6816,3005 ARGONNE DR,ATLANTA,Georgia,
6828,2468 ELIZABETH ANN LN,ATLANTA,Georgia,
6891,0 HIGH POINT RD,SANDY SPRINGS,Georgia,
6894,360 WINDSOR PKY,SANDY SPRINGS,Georgia,
6947,555 CAMBRIDGE WAY,SANDY SPRINGS,Georgia,
6954,3580 CASTLEGATE DR,ATLANTA,Georgia,
6971,1181 REGENCY RD,ATLANTA,Georgia,
7027,211 HILLSWICK CT,SANDY SPRINGS,Georgia,
7104,96 ALLEN RD,SANDY SPRINGS,Georgia,
7105,94 ALLEN RD,SANDY SPRINGS,Georgia,
7120,6480 LONG ISLAND DR,SANDY SPRINGS,Georgia,
7145,250 MARK TRL,SANDY SPRINGS,Georgia,
7156,0 RIVERSIDE DR,SANDY SPRINGS,Georgia,
7175,525 BRIDGEWATER DR,SANDY SPRINGS,Georgia,
7292,5211 CHESTNUT CT,ALPHARETTA,Georgia,
7321,330 SNOW CHIEF CT,ALPHARETTA,Georgia,
7383,115 ROSAIRE PL,ATLANTA,Georgia,
7406,3153 GENESIS WAY,MILTON,Georgia,
7818,16134 BELFORD DR,MILTON,Georgia,
7953,165 HIGHLAND OAKS CT,MILTON,Georgia,
7995,246 DENNIS DR,ALPHARETTA,Georgia,
8049,10133 WINDALIER WAY,ROSWELL,Georgia,
8051,10134 WINDALIER WAY,ROSWELL,Georgia,
8052,10136 WINDALIER WAY,ROSWELL,Georgia,
8058,10214 WINDALIER WAY,ROSWELL,Georgia,
8066,97 CALDER DR,ROSWELL,Georgia,
8071,103 CALDER RD,ROSWELL,Georgia,
8073,101 CALDER RD,ROSWELL,Georgia,
8074,100 CALDER RD,ROSWELL,Georgia,
8085,3170 MAPLE LN,ALPHARETTA,Georgia,
8089,289 MILTON AVE,ALPHARETTA,Georgia,
8093,2150 CANTON VW,ALPHARETTA,Georgia,
8098,2115 CANTON VW,ALPHARETTA,Georgia,
8128,199 ACADEMY ST,ALPHARETTA,Georgia,
8162,2820 LAURELWOOD LN,ALPHARETTA,Georgia,
8183,11425 WEST RD,ROSWELL,Georgia,
8214,1165 ALLENBROOK LN,ROSWELL,Georgia,
8357,1085 BLUE INDIGO DR,ROSWELL,Georgia,
8443,88 GREEN RD,MILTON,Georgia,
8510,2908 HOLCOMB BRIDGE RD,ROSWELL,Georgia,
8596,12125 WEXFORD CLUB DR,ROSWELL,Georgia,
8718,1460 WOODCREST DR,ROSWELL,Georgia,
8875,2525 PEACHTREE RD,ATLANTA,Georgia,
8876,1390 RUMSON LN,ALPHARETTA,Georgia,
8885,212 STREAMSIDE DR,ROSWELL,Georgia,
8893,1930 HONEYSUCKLE LN,ATLANTA,Georgia,
8894,1930 HONEYSUCKLE LN,ATLANTA,Georgia,
8982,259 PEYTON PL,ATLANTA,Georgia,
9020,145 FIFTEENTH ST,ATLANTA,Georgia,
9066,808 CHESTNUT PL,MILTON,Georgia,
9067,733 YEARLING WAY,MILTON,Georgia,
9163,4250 UTOY CT,ATLANTA,Georgia,
9173,4885 MONTCALM DR,SOUTH FULTON,Georgia,
9185,5085 CASCADE HILLS CIR,SOUTH FULTON,Georgia,
9226,2258 PEMBERTON RD,ATLANTA,Georgia,
9235,1918 WEST KIMBERLY RD,ATLANTA,Georgia,
9248,2850 DARRAH DR,ATLANTA,Georgia,
9254,3668 BARROW PL,ATLANTA,Georgia,
9260,4164 TELL RD,ATLANTA,Georgia,
9261,2732 FAIRBURN RD,ATLANTA,Georgia,
9263,2465 FAIRBURN RD,ATLANTA,Georgia,
9265,2211 BUTNER RD,ATLANTA,Georgia,
9267,2473 BUTNER RD,ATLANTA,Georgia,
9269,2464 COUNTY LINE RD,ATLANTA,Georgia,
9270,2464 COUNTY LINE RD,ATLANTA,Georgia,
9275,2409 COLORADO TRL,ATLANTA,Georgia,
9287,4160 DANFORTH RD,SOUTH FULTON,Georgia,
9297,3835 OLD GORDON RD,ATLANTA,Georgia,
9308,3640 FAIRBURN PL,ATLANTA,Georgia,
9312,3690 ADAMSVILLE DR,ATLANTA,Georgia,
9324,3977 BAKERS FERRY RD,ATLANTA,Georgia,
9328,440 DARTMOUTH DR,ATLANTA,Georgia,
9333,3978 LA SALLE WAY,ATLANTA,Georgia,
9337,4074 KENORA DR,ATLANTA,Georgia,
9346,3625 BOULDER PARK DR,ATLANTA,Georgia,
9736,2024 EAGLE GLEN RD,JOHNS CREEK,Georgia,
9942,145 NORTH RIVER DR,SANDY SPRINGS,Georgia,
9965,8840 APPLEGATE LN,SANDY SPRINGS,Georgia,
10065,2285 PEACHTREE RD,ATLANTA,Georgia,
10071,2285 PEACHTREE RD,ATLANTA,Georgia,
10073,2285 PEACHTREE RD,ATLANTA,Georgia,
10106,6770 VIRLYN B SMITH RD,FAIRBURN,Georgia,
10125,430 LINDBERGH DR,ATLANTA,Georgia,
10176,2660 PEACHTREE RD,ATLANTA,Georgia,
10217,995 HEARDS FERRY RD,SANDY SPRINGS,Georgia,
10258,244 EUREKA DR,ATLANTA,Georgia,
10260,143 RIDGELAND WAY,ATLANTA,Georgia,
10581,475 MOUNT VERNON HWY,SANDY SPRINGS,Georgia,
10585,475 MOUNT VERNON HWY,SANDY SPRINGS,Georgia,
10586,475 MOUNT VERNON HWY,SANDY SPRINGS,Georgia,
10606,7920 CAMPBELLTON REDWINE RD,CHATTAHOOCHEE HILLS,Georgia,
10608,7474 RICO TATUM RD,CHATTAHOOCHEE HILLS,Georgia,
10628,11237 SERENBE LN,CHATTAHOOCHEE HILLS,Georgia,
10630,11243 SERENBE LN,CHATTAHOOCHEE HILLS,Georgia,
10631,11249 SERENBE LN,CHATTAHOOCHEE HILLS,Georgia,
10634,134 MADO LN,CHATTAHOOCHEE HILLS,Georgia,
10637,138 MADO LN,CHATTAHOOCHEE HILLS,Georgia,
10638,142 MADO LN,CHATTAHOOCHEE HILLS,Georgia,
10652,8800 SERENBE RD,CHATTAHOOCHEE HILLS,Georgia,
10677,6700 ROSWELL RD,SANDY SPRINGS,Georgia,
10681,6700 ROSWELL RD,SANDY SPRINGS,Georgia,
10684,6700 ROSWELL RD,SANDY SPRINGS,Georgia,
10690,6700 ROSWELL RD,SANDY SPRINGS,Georgia,
10734,6851 ROSWELL RD,SANDY SPRINGS,Georgia,
10738,6851 ROSWELL RD,SANDY SPRINGS,Georgia,
10751,6851 ROSWELL RD,SANDY SPRINGS,Georgia,
10754,6851 ROSWELL RD,SANDY SPRINGS,Georgia,
10808,145 NORTHWOOD DR,SANDY SPRINGS,Georgia,
10859,6306 PARK AVE,SANDY SPRINGS,Georgia,
10890,5315 SOMERLANE TRL,EAST POINT,Georgia,
10895,3315 ETHAN ALLEN CT,SOUTH FULTON,Georgia,
10898,3600 TOWANDA DR,SOUTH FULTON,Georgia,
10901,4495 SPRING VALLEY PKY,SOUTH FULTON,Georgia,
10903,0 JAILETTE RD,SOUTH FULTON,Georgia,
10911,3775 JAILETTE RD,SOUTH FULTON,Georgia,
10921,210 BUTNER TRL,SOUTH FULTON,Georgia,
10929,5765 FELDWOOD RD,SOUTH FULTON,Georgia,
10945,3825 CREEKVIEW CIR,SOUTH FULTON,Georgia,
10947,3745 CLEARWATER DR,SOUTH FULTON,Georgia,
10949,5565 BUFFINGTON RD,SOUTH FULTON,Georgia,
10952,5967 STONEWALL DR,UNION CITY,Georgia,
10955,5508 HALL CIR,UNION CITY,Georgia,
10957,6321 RAYMOND TER,UNION CITY,Georgia,
10963,5325 PARK AVE,UNION CITY,Georgia,
10966,5800 WESTBROOK RD,SOUTH FULTON,Georgia,
10969,4759 DODSON RD,UNION CITY,Georgia,
10982,3920 STONEWALL TELL RD,SOUTH FULTON,Georgia,
11015,483 FAYETTEVILLE RD,FAIRBURN,Georgia,
11020,600 LAKE JOYCE LN,FAIRBURN,Georgia,
11060,8124 VALLEYRIDGE DR,UNION CITY,Georgia,
11063,8246 EASTSHORE DR,UNION CITY,Georgia,
11069,8817 LAKECREST WAY,UNION CITY,Georgia,
11089,7483 SANDSTONE LN,SOUTH FULTON,Georgia,
11112,7396 BLUE JAY WAY,SOUTH FULTON,Georgia,
11134,8807 LAKE RD,UNION CITY,Georgia,
11156,1271 HARRIS COMMONS PL,ALPHARETTA,Georgia,
11182,131 PARKWAY DR,FAIRBURN,Georgia,
11253,4009 HERRON TRL,SOUTH FULTON,Georgia,
11288,4750 BUCKEYE PL,SOUTH FULTON,Georgia,
11305,6901 SMOKE RIDGE DR,SOUTH FULTON,Georgia,
11483,4255 SAVANNAH TRC,EAST POINT,Georgia,
11545,2169 CAPELLA CIR,SOUTH FULTON,Georgia,
11569,755 DOT DR,SOUTH FULTON,Georgia,
11680,5452 KEYHAVEN PL,SOUTH FULTON,Georgia,
11732,4770 BROOKWOOD PL,UNION CITY,Georgia,
11858,4300 ROSWELL RD,ATLANTA,Georgia,
12021,2144 DODSON WOODS DR,UNION CITY,Georgia,
12099,625 COLEMAN ST,HAPEVILLE,Georgia,
12124,10900 WITTENRIDGE DR,ALPHARETTA,Georgia,
12316,1213 ALLENE AVE,ATLANTA,Georgia,
12363,13338 MARRYWOOD DR,MILTON,Georgia,
12539,2700 PINE TREE RD,ATLANTA,Georgia,
12768,6079 JOYBROOK RD,JOHNS CREEK,Georgia,
12865,5140 NORTH BRIDGES DR,JOHNS CREEK,Georgia,
13088,2630 CAMDEN GLEN CT,ROSWELL,Georgia,
13293,822 JAMONT CIR,JOHNS CREEK,Georgia,
13345,797 BERYL ST,ATLANTA,Georgia,
13346,765 HUMPHRIES ST,ATLANTA,Georgia,
13348,809 HUMPHRIES ST,ATLANTA,Georgia,
13349,553 ROCKWELL ST,ATLANTA,Georgia,
13350,553 ROCKWELL ST,ATLANTA,Georgia,
13352,565 ROCKWELL ST,ATLANTA,Georgia,
13353,571 ROCKWELL ST,ATLANTA,Georgia,
13354,810 METROPOLITAN PKWY,ATLANTA,Georgia,
13355,806 METROPOLITAN PKWY,ATLANTA,Georgia,
13357,793 WELCH ST,ATLANTA,Georgia,
13358,821 WELCH ST,ATLANTA,Georgia,
13362,758 HUMPHRIES ST,ATLANTA,Georgia,
13363,815 COLEMAN ST,ATLANTA,Georgia,
13364,820 WELCH ST,ATLANTA,Georgia,
13365,820 WELCH ST,ATLANTA,Georgia,
13370,597 HOPE ST,ATLANTA,Georgia,
13372,558 ROCKWELL ST,ATLANTA,Georgia,
13374,511 COHEN ST,ATLANTA,Georgia,
13375,864 WELCH ST,ATLANTA,Georgia,
13376,490 ROCKWELL ST,ATLANTA,Georgia,
13377,490 ROCKWELL ST,ATLANTA,Georgia,
13380,925 SIMS ST,ATLANTA,Georgia,
13382,925 SIMS ST,ATLANTA,Georgia,
13383,878 COLEMAN ST,ATLANTA,Georgia,
13384,870 COLEMAN ST,ATLANTA,Georgia,
13388,869 MC DANIEL ST,ATLANTA,Georgia,
13389,869 MC DANIEL ST,ATLANTA,Georgia,
13390,888 HUBBARD ST,ATLANTA,Georgia,
13391,876 HUBBARD ST,ATLANTA,Georgia,
13393,856 HUBBARD ST,ATLANTA,Georgia,
13394,873 COLEMAN ST,ATLANTA,Georgia,
13396,919 COLEMAN ST,ATLANTA,Georgia,
13397,925 COLEMAN ST,ATLANTA,Georgia,
13399,858 COLEMAN ST,ATLANTA,Georgia,
13400,825 SMITH ST,ATLANTA,Georgia,
13402,833 SMITH ST,ATLANTA,Georgia,
13403,867 SMITH ST,ATLANTA,Georgia,
13404,867 SMITH ST,ATLANTA,Georgia,
13405,867 SMITH ST,ATLANTA,Georgia,
13407,876 MC DANIEL ST,ATLANTA,Georgia,
13408,869 IRA ST,ATLANTA,Georgia,
13409,879 IRA ST,ATLANTA,Georgia,
13413,1049 HUGO ST,ATLANTA,Georgia,
13416,226 DELEVAN ST,ATLANTA,Georgia,
13417,216 DELEVAN ST,ATLANTA,Georgia,
13418,216 DELEVAN ST,ATLANTA,Georgia,
13426,1156 WEST AVE,ATLANTA,Georgia,
13429,1090 WEST AVE,ATLANTA,Georgia,
13431,558 FLETCHER ST,ATLANTA,Georgia,
13432,1180 MAYLAND CIR,ATLANTA,Georgia,
13434,1160 MAYLAND CIR,ATLANTA,Georgia,
13436,580 MAYLAND AVE,ATLANTA,Georgia,
13437,1137 MAYLAND CIR,ATLANTA,Georgia,
13439,533 UNIVERSITY AVE,ATLANTA,Georgia,
13440,533 UNIVERSITY AVE,ATLANTA,Georgia,
13441,1073 COLEMAN ST,ATLANTA,Georgia,
13442,1089 COLEMAN ST,ATLANTA,Georgia,
13443,1093 COLEMAN ST,ATLANTA,Georgia,
13445,1091 SIMS ST,ATLANTA,Georgia,
13446,1114 SIMS ST,ATLANTA,Georgia,
13447,1075 MC DANIEL ST,ATLANTA,Georgia,
13448,1130 WELCH ST,ATLANTA,Georgia,
13450,1161 COLEMAN ST,ATLANTA,Georgia,
13451,1161 COLEMAN ST,ATLANTA,Georgia,
13453,517 DUNBAR ST,ATLANTA,Georgia,
13454,1131 SIMS ST,ATLANTA,Georgia,
13455,1138 COLEMAN ST,ATLANTA,Georgia,
13457,1157 MC DANIEL ST,ATLANTA,Georgia,
13459,485 DUNBAR ST,ATLANTA,Georgia,
13460,1083 SIMS ST,ATLANTA,Georgia,
13464,1103 HUBBARD ST,ATLANTA,Georgia,
13465,404 FLETCHER ST,ATLANTA,Georgia,
13467,1092 MC DANIEL ST,ATLANTA,Georgia,
13469,1074 SMITH ST,ATLANTA,Georgia,
13470,1089 IRA ST,ATLANTA,Georgia,
13471,1095 IRA ST,ATLANTA,Georgia,
13472,1162 MC DANIEL ST,ATLANTA,Georgia,
13473,1148 MC DANIEL ST,ATLANTA,Georgia,
13474,374 ROY ST,ATLANTA,Georgia,
13475,1137 IRA ST,ATLANTA,Georgia,
13476,1137 IRA ST,ATLANTA,Georgia,
13477,1145 IRA ST,ATLANTA,Georgia,
13478,1166 GARIBALDI ST,ATLANTA,Georgia,
13479,1162 GARIBALDI ST,ATLANTA,Georgia,
13480,1160 GARIBALDI ST,ATLANTA,Georgia,
13493,716 GARIBALDI ST,ATLANTA,Georgia,
13497,1094 SIMS ST,ATLANTA,Georgia,
13498,1088 HUBBARD ST,ATLANTA,Georgia,
13499,1167 HUBBARD ST,ATLANTA,Georgia,
13502,1187 MC DANIEL ST,ATLANTA,Georgia,
13505,1099 SMITH ST,ATLANTA,Georgia,
13508,1073 GARIBALDI ST,ATLANTA,Georgia,
13511,1146 IRA ST,ATLANTA,Georgia,
13513,469 MELLVIEW AVE,ATLANTA,Georgia,
13517,555 LYNNHAVEN DR,ATLANTA,Georgia,
13521,442 LYNNHAVEN DR,ATLANTA,Georgia,
13537,671 CATHERINE ST,ATLANTA,Georgia,
13542,656 CATHERINE ST,ATLANTA,Georgia,
13545,679 LEXINGTON AVE,ATLANTA,Georgia,
13549,1695 EVANS DR,ATLANTA,Georgia,
13552,1077 BIRCH ST,ATLANTA,Georgia,
13554,2521 BATAVIA ST,EAST POINT,Georgia,
13563,1569 OCALA AVE,ATLANTA,Georgia,
13565,1064 ORLANDO PL,ATLANTA,Georgia,
13566,1230 WESTRIDGE RD,ATLANTA,Georgia,
13572,866 VICTORIA PL,ATLANTA,Georgia,
13574,0 BEECHER ST,ATLANTA,Georgia,
13577,674 LAWTON ST,ATLANTA,Georgia,
13578,668 LAWTON ST,ATLANTA,Georgia,
13580,1112 OGLETHORPE AVE,ATLANTA,Georgia,
13585,939 MATHEWS ST,ATLANTA,Georgia,
13587,939 MATHEWS ST,ATLANTA,Georgia,
13588,796 PEEPLES ST,ATLANTA,Georgia,
13591,1230 RALPH D ABERNATHY BLVD,ATLANTA,Georgia,
13592,642 ATWOOD ST,ATLANTA,Georgia,
13594,632 ATWOOD ST,ATLANTA,Georgia,
13595,1177 LUCILE AVE,ATLANTA,Georgia,
13600,1510 AVON AVE,ATLANTA,Georgia,
13601,1460 AVON AVE,ATLANTA,Georgia,
13602,1460 AVON AVE,ATLANTA,Georgia,
13603,949 GASTON ST,ATLANTA,Georgia,
13604,969 GASTON ST,ATLANTA,Georgia,
13605,969 GASTON ST,ATLANTA,Georgia,
13607,950 GASTON ST,ATLANTA,Georgia,
13609,1018 WESTMONT RD,ATLANTA,Georgia,
13611,992 WESTMONT RD,ATLANTA,Georgia,
13614,1392 RICHLAND RD,ATLANTA,Georgia,
13617,1346 MONTREAT AVE,ATLANTA,Georgia,
13621,1389 PLAZA AVE,ATLANTA,Georgia,
13622,1374 PLAZA AVE,ATLANTA,Georgia,
13624,1374 PLAZA AVE,ATLANTA,Georgia,
13625,1380 PLAZA AVE,ATLANTA,Georgia,
13626,1309 PLAZA AVE,ATLANTA,Georgia,
13627,1296 PLAZA AVE,ATLANTA,Georgia,
13632,1275 LADD ST,ATLANTA,Georgia,
13633,1170 WESTMONT RD,ATLANTA,Georgia,
13634,1160 WESTMONT RD,ATLANTA,Georgia,
13636,1130 WESTMONT RD,ATLANTA,Georgia,
13638,1116 WESTMONT RD,ATLANTA,Georgia,
13639,1116 WESTMONT RD,ATLANTA,Georgia,
13640,1449 AVON AVE,ATLANTA,Georgia,
13641,1403 ALMONT DR,ATLANTA,Georgia,
13642,1434 ALMONT DR,ATLANTA,Georgia,
13643,1318 ALMONT DR,ATLANTA,Georgia,
13645,1351 BLUEFIELD DR,ATLANTA,Georgia,
13646,1451 BLUEFIELD DR,ATLANTA,Georgia,
13648,1404 BLUEFIELD DR,ATLANTA,Georgia,
13652,1383 LANVALE DR,ATLANTA,Georgia,
13653,1395 LANVALE DR,ATLANTA,Georgia,
13654,1449 LANVALE DR,ATLANTA,Georgia,
13655,1124 GRAYMONT DR,ATLANTA,Georgia,
13656,1315 LYNFORD DR,ATLANTA,Georgia,
13657,1333 LYNFORD DR,ATLANTA,Georgia,
13658,1333 LYNFORD DR,ATLANTA,Georgia,
13659,1333 LYNFORD DR,ATLANTA,Georgia,
13660,1389 LYNFORD DR,ATLANTA,Georgia,
13661,1335 AVON AVE,ATLANTA,Georgia,
13664,1293 ALMONT DR,ATLANTA,Georgia,
13665,1136 WYLAND DR,ATLANTA,Georgia,
13666,1136 WYLAND DR,ATLANTA,Georgia,
13667,1146 EDGEFIELD DR,ATLANTA,Georgia,
13668,1146 EDGEFIELD DR,ATLANTA,Georgia,
13669,1140 EDGEFIELD DR,ATLANTA,Georgia,
13672,1092 EDGEFIELD DR,ATLANTA,Georgia,
13673,1092 EDGEFIELD DR,ATLANTA,Georgia,
13674,1073 OAKLAND DR,ATLANTA,Georgia,
13676,1089 OAKLAND DR,ATLANTA,Georgia,
13677,1089 OAKLAND DR,ATLANTA,Georgia,
13679,1121 OAKLAND DR,ATLANTA,Georgia,
13680,1121 OAKLAND DR,ATLANTA,Georgia,
13681,1157 OAKLAND DR,ATLANTA,Georgia,
13682,1163 OAKLAND DR,ATLANTA,Georgia,
13685,1152 INDALE PL,ATLANTA,Georgia,
13687,1096 INDALE PL,ATLANTA,Georgia,
13688,1095 INDALE PL,ATLANTA,Georgia,
13689,1095 INDALE PL,ATLANTA,Georgia,
13691,1407 RICHLAND RD,ATLANTA,Georgia,
13694,448 HOLDERNESS ST,ATLANTA,Georgia,
13705,393 ATWOOD ST,ATLANTA,Georgia,
13707,1247 GREENWICH ST,ATLANTA,Georgia,
13710,445 ATWOOD ST,ATLANTA,Georgia,
13711,1246 GREENWICH ST,ATLANTA,Georgia,
13713,1352 LUCILE AVE,ATLANTA,Georgia,
13718,494 ATWOOD ST,ATLANTA,Georgia,
13724,894 WHITE ST,ATLANTA,Georgia,
13735,970 BEECHER ST,ATLANTA,Georgia,
13736,812 PEEPLES ST,ATLANTA,Georgia,
13737,812 PEEPLES ST,ATLANTA,Georgia,
13745,1120 OAK ST,ATLANTA,Georgia,
13753,432 ATWOOD ST,ATLANTA,Georgia,
13764,1420 DONNELLY AVE,ATLANTA,Georgia,
13767,1417 COPELAND AVE,ATLANTA,Georgia,
13768,1417 COPELAND AVE,ATLANTA,Georgia,
13769,1455 ALLEGHENY ST,ATLANTA,Georgia,
13771,712 ROCHELLE DR,ATLANTA,Georgia,
13772,708 ROCHELLE DR,ATLANTA,Georgia,
13776,1347 BEECHER ST,ATLANTA,Georgia,
13777,1391 BEECHER ST,ATLANTA,Georgia,
13781,874 WESTMONT RD,ATLANTA,Georgia,
13784,864 WESTMONT RD,ATLANTA,Georgia,
13785,836 WESTMONT RD,ATLANTA,Georgia,
13786,830 WESTMONT RD,ATLANTA,Georgia,
13788,839 ROCHELLE DR,ATLANTA,Georgia,
13790,836 GASTON ST,ATLANTA,Georgia,
13792,831 PINEHURST TER,ATLANTA,Georgia,
13794,832 ROCHELLE DR,ATLANTA,Georgia,
13800,1324 WESTBORO DR,ATLANTA,Georgia,
13802,1282 WESTBORO DR,ATLANTA,Georgia,
13806,1156 TUCKER PL,ATLANTA,Georgia,
13810,1018 DIMMOCK ST,ATLANTA,Georgia,
13811,986 SPARKS ST,ATLANTA,Georgia,
13813,1166 AVON AVE,ATLANTA,Georgia,
13816,2691 JEFFERSON TER,EAST POINT,Georgia,
13817,2697 JEFFERSON TER,EAST POINT,Georgia,
13820,2633 JEWEL ST,EAST POINT,Georgia,
13821,2657 BLOUNT ST,EAST POINT,Georgia,
13823,2716 HUMPHRIES ST,EAST POINT,Georgia,
13827,2645 WOODLAND CIR,EAST POINT,Georgia,
13829,1280 EAST FORREST AVE,EAST POINT,Georgia,
13831,2473 BAYARD ST,EAST POINT,Georgia,
13832,1365 BRYAN AVE,EAST POINT,Georgia,
13833,1115 GLENDALE DR,EAST POINT,Georgia,
13839,2444 CONSTANCE ST,EAST POINT,Georgia,
13849,990 BROOKDALE DR,EAST POINT,Georgia,
13851,650 BANKS AVE,ATLANTA,Georgia,
13858,2512 PERKERSON RD,ATLANTA,Georgia,
13859,2482 PERKERSON RD,ATLANTA,Georgia,
13861,2608 SYLVAN RD,EAST POINT,Georgia,
13862,2600 SYLVAN RD,EAST POINT,Georgia,
13864,2424 SYLVAN RD,EAST POINT,Georgia,
13867,866 BROOKDALE DR,EAST POINT,Georgia,
13868,2561 SYLVAN RD,EAST POINT,Georgia,
13878,1124 ASTOR AVE,ATLANTA,Georgia,
13893,906 ASTOR AVE,ATLANTA,Georgia,
13910,1890 SYLVAN RD,ATLANTA,Georgia,
13911,1890 SYLVAN RD,ATLANTA,Georgia,
13920,1948 BREWER BLVD,ATLANTA,Georgia,
13927,810 BURCHILL ST,ATLANTA,Georgia,
13932,1834 BUCKEYE ST,ATLANTA,Georgia,
13935,1718 CAHOON ST,ATLANTA,Georgia,
13936,1718 CAHOON ST,ATLANTA,Georgia,
13942,746 CASPLAN ST,ATLANTA,Georgia,
13950,1763 CAHOON ST,ATLANTA,Georgia,
13951,1765 CAHOON ST,ATLANTA,Georgia,
13952,1769 CAHOON ST,ATLANTA,Georgia,
13955,1698 LISBON DR,ATLANTA,Georgia,
13960,1976 EAST AVE,ATLANTA,Georgia,
13969,1985 LOIS PL,ATLANTA,Georgia,
13970,2000 LOIS PL,ATLANTA,Georgia,
13981,0 MARGARET PL,ATLANTA,Georgia,
13982,0 MARGARET PL,ATLANTA,Georgia,
13987,1945 BAKER RD,ATLANTA,Georgia,
13988,1945 BAKER RD,ATLANTA,Georgia,
13994,1822 MADRONA ST,ATLANTA,Georgia,
13995,1806 MARKONE ST,ATLANTA,Georgia,
13997,518 PELTON PL,ATLANTA,Georgia,
13999,2009 BAKER RD,ATLANTA,Georgia,
14001,2070 ARLINGTON CIR,ATLANTA,Georgia,
14003,2084 ARLINGTON CIR,ATLANTA,Georgia,
14005,2025 NORTH AVE,ATLANTA,Georgia,
14009,6 SOUTH EUGENIA PL,ATLANTA,Georgia,
14014,674 EMILY PL,ATLANTA,Georgia,
14015,1947 MAYWOOD PL,ATLANTA,Georgia,
14017,1942 MAYWOOD PL,ATLANTA,Georgia,
14018,631 SOUTH EUGENIA PL,ATLANTA,Georgia,
14020,1447 BLYSS AVE,ATLANTA,Georgia,
14024,455 WOODLAWN AVE,ATLANTA,Georgia,
14027,1396 WEST AVE,ATLANTA,Georgia,
14032,612 WEST LAKE AVE,ATLANTA,Georgia,
14036,1718 THOMS DR,ATLANTA,Georgia,
14039,1666 THOMS DR,ATLANTA,Georgia,
14044,408 WEST LAKE AVE,ATLANTA,Georgia,
14053,898 OAK ST,ATLANTA,Georgia,
14058,898 OAK ST,ATLANTA,Georgia,
14062,898 OAK ST,ATLANTA,Georgia,
14103,456 GRIFFIN ST,ATLANTA,Georgia,
14107,475 ELM ST,ATLANTA,Georgia,
14110,389 LINDSAY ST,ATLANTA,Georgia,
14113,854 PIKE AVE,ATLANTA,Georgia,
14131,390 SUNSET AVE,ATLANTA,Georgia,
14133,415 ELM ST,ATLANTA,Georgia,
14153,1387 LYLE AVE,EAST POINT,Georgia,
14165,1268 LYLE AVE,EAST POINT,Georgia,
14167,1432 EAST WASHINGTON AVE,EAST POINT,Georgia,
14172,1277 PINE AVE,EAST POINT,Georgia,
14187,2827 HARLAN DR,EAST POINT,Georgia,
14194,2924 AKRON ST,EAST POINT,Georgia,
14223,144 MAPLE ST,ATLANTA,Georgia,
14224,388 GRIFFIN ST,ATLANTA,Georgia,
14226,1277 EAST MERCER AVE,EAST POINT,Georgia,
14232,1318 EAST MERCER AVE,EAST POINT,Georgia,
14234,3409 BACHELOR ST,EAST POINT,Georgia,
14237,1365 EAST CAMBRIDGE AVE,EAST POINT,Georgia,
14240,3305 HARRISON RD,EAST POINT,Georgia,
14244,3262 HARRISON RD,EAST POINT,Georgia,
14253,3415 HARDING AVE,HAPEVILLE,Georgia,
14255,866 CUSTER ST,HAPEVILLE,Georgia,
14256,3400 HAMILTON AVE,HAPEVILLE,Georgia,
14258,3362 COLVILLE AVE,HAPEVILLE,Georgia,
14259,825 CUSTER ST,HAPEVILLE,Georgia,
14260,831 CUSTER ST,HAPEVILLE,Georgia,
14262,3372 COLVILLE AVE,HAPEVILLE,Georgia,
14266,3416 ELKINS ST,HAPEVILLE,Georgia,
14278,1036 THOMASVILLE ESTATES DR,ATLANTA,Georgia,
14286,1394 KNOB HILL CT,ATLANTA,Georgia,
14292,684 ROSE PALM LN,ATLANTA,Georgia,
14299,1389 MARION ST,ATLANTA,Georgia,
14309,1322 BENTEEN PARK DR,ATLANTA,Georgia,
14310,1318 BENTEEN PARK DR,ATLANTA,Georgia,
14329,769 WINTON WAY,ATLANTA,Georgia,
14353,1118 FAITH AVE,ATLANTA,Georgia,
14364,490 STOVALL ST,ATLANTA,Georgia,
14372,1117 SANDERS AVE,ATLANTA,Georgia,
14382,766 EAST CONFEDERATE AVE,ATLANTA,Georgia,
14428,722 ORMEWOOD AVE,ATLANTA,Georgia,
14435,651 ORMEWOOD AVE,ATLANTA,Georgia,
14516,881 MEMORIAL DR,ATLANTA,Georgia,
14545,353 AUGUSTA AVE,ATLANTA,Georgia,
14551,775 HARRISON PL,ATLANTA,Georgia,
14552,293 ORMOND ST,ATLANTA,Georgia,
14561,471 GLENWOOD AVE,ATLANTA,Georgia,
14581,470 KELLEY ST,ATLANTA,Georgia,
14605,320 KENDRICK AVE,ATLANTA,Georgia,
14606,964 HILL ST,ATLANTA,Georgia,
14613,933 PARK AVE,ATLANTA,Georgia,
14622,996 HILL ST,ATLANTA,Georgia,
14623,1054 HILL ST,ATLANTA,Georgia,
14644,65 BILL LUCAS ST,ATLANTA,Georgia,
14647,80 BILL LUCAS ST,ATLANTA,Georgia,
14648,757 MARTIN ST,ATLANTA,Georgia,
14654,779 GRANT TER,ATLANTA,Georgia,
14658,704 CONNALLY ST,ATLANTA,Georgia,
14659,159 LITTLE ST,ATLANTA,Georgia,
14661,195 LITTLE ST,ATLANTA,Georgia,
14663,794 MARTIN ST,ATLANTA,Georgia,
14667,271 LITTLE ST,ATLANTA,Georgia,
14673,202 ORMOND ST,ATLANTA,Georgia,
14675,128 ORMOND ST,ATLANTA,Georgia,
14677,233 ORMOND ST,ATLANTA,Georgia,
14678,123 ATLANTA AVE,ATLANTA,Georgia,
14683,1221 GRANT ST,ATLANTA,Georgia,
14684,1221 GRANT ST,ATLANTA,Georgia,
14686,327 CLIMAX ST,ATLANTA,Georgia,
14691,319 NOLAN ST,ATLANTA,Georgia,
14693,369 NOLAN ST,ATLANTA,Georgia,
14696,334 MC DONOUGH BLVD,ATLANTA,Georgia,
14697,385 ELVIRA ST,ATLANTA,Georgia,
14698,385 ELVIRA ST,ATLANTA,Georgia,
14699,350 MC DONOUGH BLVD,ATLANTA,Georgia,
14702,0 CASANOVA ST,ATLANTA,Georgia,
14710,1210 MILTON TER,ATLANTA,Georgia,
14713,274 MILTON AVE,ATLANTA,Georgia,
14714,2398 LAKEWOOD AVE,ATLANTA,Georgia,
14715,2169 BICKNELL ST,ATLANTA,Georgia,
14716,0 BAGWELL DR,ATLANTA,Georgia,
14721,92 POLAR ROCK RD,ATLANTA,Georgia,
14724,2172 NELMS DR,ATLANTA,Georgia,
14733,338 SCHOEN ST,ATLANTA,Georgia,
14734,357 SOUTH BEND AVE,ATLANTA,Georgia,
14735,357 SOUTH BEND AVE,ATLANTA,Georgia,
14736,369 SOUTH BEND AVE,ATLANTA,Georgia,
14737,373 SOUTH BEND AVE,ATLANTA,Georgia,
14738,352 TROY ST,ATLANTA,Georgia,
14740,1911 FREEMONT ST,ATLANTA,Georgia,
14741,1974 BROWNS MILL RD,ATLANTA,Georgia,
14742,1974 BROWNS MILL RD,ATLANTA,Georgia,
14743,1974 BROWNS MILL RD,ATLANTA,Georgia,
14747,365 ADELLE ST,ATLANTA,Georgia,
14748,365 ADELLE ST,ATLANTA,Georgia,
14751,28 GOULD ST,ATLANTA,Georgia,
14752,29 GOULD ST,ATLANTA,Georgia,
14754,1757 RICHMOND AVE,ATLANTA,Georgia,
14756,1839 LAKEWOOD AVE,ATLANTA,Georgia,
14760,1967 CONRAD AVE,ATLANTA,Georgia,
14766,2025 MEADOR AVE,ATLANTA,Georgia,
14768,1980 CONRAD AVE,ATLANTA,Georgia,
14774,198 HARPER RD,ATLANTA,Georgia,
14775,1712 RICHMOND AVE,ATLANTA,Georgia,
14776,1712 RICHMOND AVE,ATLANTA,Georgia,
14777,33 DOROTHY ST,ATLANTA,Georgia,
14778,52 DOROTHY ST,ATLANTA,Georgia,
14779,45 BOWEN AVE,ATLANTA,Georgia,
14781,69 TURMAN AVE,ATLANTA,Georgia,
14782,79 TURMAN AVE,ATLANTA,Georgia,
14785,1577 LAKEWOOD AVE,ATLANTA,Georgia,
14787,1566 LAKEWOOD AVE,ATLANTA,Georgia,
14788,1580 LAKEWOOD AVE,ATLANTA,Georgia,
14791,17 TURMAN AVE,ATLANTA,Georgia,
14795,216 RHODESIA AVE,ATLANTA,Georgia,
14803,182 ADAIR AVE,ATLANTA,Georgia,
14804,160 ADAIR AVE,ATLANTA,Georgia,
14806,181 ADAIR AVE,ATLANTA,Georgia,
14809,11 CLAIRE DR,ATLANTA,Georgia,
14851,1036 BOULEVARD DR,ATLANTA,Georgia,
14853,94 WALTHALL ST,ATLANTA,Georgia,
14864,179 CLEVELAND ST,ATLANTA,Georgia,
14866,0 WADE ST,ATLANTA,Georgia,
14900,195 STOVALL ST,ATLANTA,Georgia,
14902,195 STOVALL ST,ATLANTA,Georgia,
14906,201 WILBUR AVE,ATLANTA,Georgia,
14968,99 DRUID CIR,ATLANTA,Georgia,
14971,883 EDGEWOOD AVE,ATLANTA,Georgia,
14982,571 CLEBURNE TER,ATLANTA,Georgia,
15049,865 LOS ANGELES AVE,ATLANTA,Georgia,
15077,1117 NORTH HIGHLAND AVE,ATLANTA,Georgia,
15155,345 GLEN IRIS DR,ATLANTA,Georgia,
15168,402 ASHLEY AVE,ATLANTA,Georgia,
15177,295 GLEN IRIS DR,ATLANTA,Georgia,
15179,669 EAST AVE,ATLANTA,Georgia,
15191,0 DANIEL ST,ATLANTA,Georgia,
15193,567 HIGHLAND AVE,ATLANTA,Georgia,
15197,79 FITZGERALD ST,ATLANTA,Georgia,
15198,82 HOGUE ST,ATLANTA,Georgia,
15199,82 HOGUE ST,ATLANTA,Georgia,
15200,506 OLD WHEAT ST,ATLANTA,Georgia,
15240,545 ANGIER AVE,ATLANTA,Georgia,
15281,638 SOUTH GORDON CIR,HAPEVILLE,Georgia,
15286,3223 OAKDALE RD,HAPEVILLE,Georgia,
15287,3166 OAKDALE RD,HAPEVILLE,Georgia,
15291,3317 LA VISTA DR,HAPEVILLE,Georgia,
15309,3327 RENAULT RD,ATLANTA,Georgia,
15310,360 BELGARDE PL,ATLANTA,Georgia,
15311,445 BELGARDE PL,ATLANTA,Georgia,
15316,3484 RUBY H HARPER BLVD,ATLANTA,Georgia,
15324,3226 BROWNS MILL RD,ATLANTA,Georgia,
15328,3192 BELFORT RD,ATLANTA,Georgia,
15332,3390 BROWNS MILL RD,ATLANTA,Georgia,
15333,0 POOLE CREEK RD,ATLANTA,Georgia,
15336,1040 LITTLE HAMPTON CT,ATLANTA,Georgia,
15338,1066 FOREST VALLEY DR,ATLANTA,Georgia,
15340,1015 FOREST VALLEY DR,ATLANTA,Georgia,
15341,3887 BONNIE LN,ATLANTA,Georgia,
15345,1007 ROOSEVELT DR,ATLANTA,Georgia,
15348,3345 EISENHOWER CIR,ATLANTA,Georgia,
15349,1015 EISENHOWER CT,ATLANTA,Georgia,
15350,3188 HARRIS DR,EAST POINT,Georgia,
15353,3115 DELOWE DR,EAST POINT,Georgia,
15354,3133 DELOWE DR,EAST POINT,Georgia,
15367,1773 DORSEY AVE,EAST POINT,Georgia,
15410,1901 FARRIS AVE,EAST POINT,Georgia,
15411,1895 E FARRIS AVE,EAST POINT,Georgia,
15416,1869 PHILLIPS AVE,EAST POINT,Georgia,
15421,1880 FARRIS AVE,EAST POINT,Georgia,
15422,1826 FARRIS AVE,EAST POINT,Georgia,
15432,1826 CHAPMAN AVE,EAST POINT,Georgia,
15454,2301 HEADLAND TER,EAST POINT,Georgia,
15455,2340 CONNALLY DR,EAST POINT,Georgia,
15457,2359 MANOR AVE,EAST POINT,Georgia,
15462,2592 PLANTATION DR,EAST POINT,Georgia,
15463,2634 PLANTATION DR,EAST POINT,Georgia,
15467,2661 FARLEY ST,EAST POINT,Georgia,
15473,2559 WOOD VALLEY DR,EAST POINT,Georgia,
15479,2549 DELOWE DR,EAST POINT,Georgia,
15482,2911 DELOWE DR,EAST POINT,Georgia,
15491,2477 OLD COLONY RD,EAST POINT,Georgia,
15495,2619 HARMONY WAY,EAST POINT,Georgia,
15504,2719 MC COY AVE,EAST POINT,Georgia,
15518,2685 HEADLAND DR,EAST POINT,Georgia,
15519,2730 TANGLEWOOD TRL,EAST POINT,Georgia,
15524,0 HOGAN RD,EAST POINT,Georgia,
15525,2629 VANCE DR,EAST POINT,Georgia,
15527,2650 HOGAN RD,EAST POINT,Georgia,
15531,2790 KINGSTON TER,EAST POINT,Georgia,
15544,3031 GOLDEN DR,EAST POINT,Georgia,
15545,3072 GOLDEN DR,EAST POINT,Georgia,
15548,3225 HARRIS DR,EAST POINT,Georgia,
15550,2114 WEST RUGBY AVE,COLLEGE PARK,Georgia,
15554,2255 RUGBY TER,COLLEGE PARK,Georgia,
15555,2255 RUGBY TER,COLLEGE PARK,Georgia,
15572,1553 PINEVIEW TER,ATLANTA,Georgia,
15577,1554 PINEVIEW TER,ATLANTA,Georgia,
15578,1542 PINEVIEW TER,ATLANTA,Georgia,
15579,1542 PINEVIEW TER,ATLANTA,Georgia,
15580,1538 PINEVIEW TER,ATLANTA,Georgia,
15588,1585 OCALA AVE,ATLANTA,Georgia,
15591,1065 ORLANDO PL,ATLANTA,Georgia,
15592,1615 ORLANDO ST,ATLANTA,Georgia,
15598,1152 EASTRIDGE RD,ATLANTA,Georgia,
15601,1146 CHATHAM AVE,ATLANTA,Georgia,
15609,1599 KENMORE ST,ATLANTA,Georgia,
15610,1105 WESTMONT RD,ATLANTA,Georgia,
15614,1611 ORLANDO ST,ATLANTA,Georgia,
15615,1611 ORLANDO ST,ATLANTA,Georgia,
15621,1127 CAHABA DR,ATLANTA,Georgia,
15631,2229 VENETIAN DR,ATLANTA,Georgia,
15636,2139 WEST CEDAR LN,ATLANTA,Georgia,
15647,644 PROVIDENCE PL,ATLANTA,Georgia,
15654,730 CRESTWELL CIR,ATLANTA,Georgia,
15664,3269 CASCADE PARC BLVD,ATLANTA,Georgia,
15668,3314 TIARA CIR,ATLANTA,Georgia,
15669,3316 TIARA CIR,ATLANTA,Georgia,
15671,3320 TIARA CIR,ATLANTA,Georgia,
15673,3333 CASCADE PARC BLVD,ATLANTA,Georgia,
15675,3329 CASCADE PARC BLVD,ATLANTA,Georgia,
15678,3325 CASCADE PARC BLVD,ATLANTA,Georgia,
15685,1840 SOUTH GORDON ST,ATLANTA,Georgia,
15688,1589 OLYMPIAN WAY,ATLANTA,Georgia,
15692,1799 ALVARADO TER,ATLANTA,Georgia,
15703,1605 OLYMPIAN CIR,ATLANTA,Georgia,
15710,1588 LINDA WAY,ATLANTA,Georgia,
15713,1539 BEECHER ST,ATLANTA,Georgia,
15717,1655 RICHLAND RD,ATLANTA,Georgia,
15721,1688 RICHLAND RD,ATLANTA,Georgia,
15725,1528 RICHLAND RD,ATLANTA,Georgia,
15739,916 BEECHER CT,ATLANTA,Georgia,
15741,859 BEECHER CT,ATLANTA,Georgia,
15742,859 BEECHER CT,ATLANTA,Georgia,
15744,1843 WESTWOOD AVE,ATLANTA,Georgia,
15757,359 INMAN ST,ATLANTA,Georgia,
15762,354 WELLINGTON ST,ATLANTA,Georgia,
15768,1311 PLAZA AVE,ATLANTA,Georgia,
15771,1251 PLAZA AVE,ATLANTA,Georgia,
15777,1494 WESTWOOD AVE,ATLANTA,Georgia,
15780,1450 OGLETHORPE AVE,ATLANTA,Georgia,
15782,1450 OGLETHORPE AVE,ATLANTA,Georgia,
15783,1423 COPELAND AVE,ATLANTA,Georgia,
15787,1477 BEECHER ST,ATLANTA,Georgia,
15792,763 ROCHELLE DR,ATLANTA,Georgia,
15795,1443 BEECHER ST,ATLANTA,Georgia,
15803,1485 STOKES AVE,ATLANTA,Georgia,
15805,1456 STOKES AVE,ATLANTA,Georgia,
15815,463 WEST ONTARIO AVE,ATLANTA,Georgia,
15818,1656 STOKES AVE,ATLANTA,Georgia,
15822,1667 SOUTH GORDON ST,ATLANTA,Georgia,
15832,1775 WESTWOOD AVE,ATLANTA,Georgia,
15835,1527 SOUTH GORDON ST,ATLANTA,Georgia,
15837,1527 SOUTH GORDON ST,ATLANTA,Georgia,
15838,1623 WESTWOOD AVE,ATLANTA,Georgia,
15843,1759 NORTH OLYMPIAN WAY,ATLANTA,Georgia,
15853,1565 BEECHER ST,ATLANTA,Georgia,
15856,1475 SOUTH GORDON ST,ATLANTA,Georgia,
15860,1536 SOUTH GORDON ST,ATLANTA,Georgia,
15864,2746 HEDGEWOOD DR,ATLANTA,Georgia,
15870,3170 DELMAR LN,ATLANTA,Georgia,
15871,3170 DELMAR LN,ATLANTA,Georgia,
15873,3164 DELMAR LN,ATLANTA,Georgia,
15874,3152 DELMAR LN,ATLANTA,Georgia,
15878,87 HARWELL RD,ATLANTA,Georgia,
15882,325 HENRY AARON AVE,ATLANTA,Georgia,
15883,306 HENRY AARON AVE,ATLANTA,Georgia,
15885,2234 LARCHWOOD RD,ATLANTA,Georgia,
15887,336 CAMFIELD CT,ATLANTA,Georgia,
15888,365 CAMFIELD CT,ATLANTA,Georgia,
15894,1391 AUDUBON CT,ATLANTA,Georgia,
15904,2993 PEYTON WOODS CT,ATLANTA,Georgia,
15905,480 HARLAN RD,ATLANTA,Georgia,
15908,427 PEYTON RD,ATLANTA,Georgia,
15913,980 ORIOLE DR,ATLANTA,Georgia,
15915,2450 BENJAMIN E MAYS DR,ATLANTA,Georgia,
15916,0 FALCON DR,ATLANTA,Georgia,
15919,735 CHICKADEE CT,ATLANTA,Georgia,
15920,735 CHICKADEE CT,ATLANTA,Georgia,
15980,3039 MOCKINGBIRD LN,EAST POINT,Georgia,
15987,2846 CLEARWATER RD,ATLANTA,Georgia,
15990,2475 HARVEL DR,ATLANTA,Georgia,
15992,2411 HARVEL DR,ATLANTA,Georgia,
15993,2411 HARVEL DR,ATLANTA,Georgia,
15994,2411 HARVEL DR,ATLANTA,Georgia,
16000,276 MORRIS BROWN AVE,ATLANTA,Georgia,
16001,276 MORRIS BROWN AVE,ATLANTA,Georgia,
16003,275 AURORA AVE,ATLANTA,Georgia,
16008,2021 TIGER FLOWERS DR,ATLANTA,Georgia,
16009,1961 TIGER FLOWERS DR,ATLANTA,Georgia,
16010,1903 TREMONT DR,ATLANTA,Georgia,
16011,305 ANDERSON AVE,ATLANTA,Georgia,
16012,305 ANDERSON AVE,ATLANTA,Georgia,
16014,83 ANDERSON AVE,ATLANTA,Georgia,
16018,52 HELENA ST,ATLANTA,Georgia,
16020,2118 PENELOPE ST,ATLANTA,Georgia,
16025,2599 HOOD AVE,ATLANTA,Georgia,
16034,477 HAMILTON E HOLMES DR,ATLANTA,Georgia,
16039,476 LINCOLN DR,ATLANTA,Georgia,
16040,476 LINCOLN DR,ATLANTA,Georgia,
16042,665 ROBERT ST,ATLANTA,Georgia,
16043,2501 OLDKNOW DR,ATLANTA,Georgia,
16045,2375 DUPREE ST,ATLANTA,Georgia,
16047,865 HALL ST,ATLANTA,Georgia,
16048,894 HALL ST,ATLANTA,Georgia,
16055,2209 BAKER RD,ATLANTA,Georgia,
16056,2216 BAKER RD,ATLANTA,Georgia,
16058,2226 GARY CT,ATLANTA,Georgia,
16059,529 GARY RD,ATLANTA,Georgia,
16061,492 BAKER CIR,ATLANTA,Georgia,
16062,478 ABERDEEN DR,ATLANTA,Georgia,
16064,2694 OLDKNOW DR,ATLANTA,Georgia,
16065,588 HAMILTON E HOLMES DR,ATLANTA,Georgia,
16066,588 HAMILTON E HOLMES DR,ATLANTA,Georgia,
16067,614 HAMILTON E HOLMES DR,ATLANTA,Georgia,
16068,643 OZBURN RD,ATLANTA,Georgia,
16069,643 OZBURN RD,ATLANTA,Georgia,
16072,2914 PEEK RD,ATLANTA,Georgia,
16077,2830 CRESCENDO DR,ATLANTA,Georgia,
16079,931 KINGS GRANT DR,ATLANTA,Georgia,
16085,2556 GODFREY DR,ATLANTA,Georgia,
16086,2556 GODFREY DR,ATLANTA,Georgia,
16091,2665 BAKER RIDGE DR,ATLANTA,Georgia,
16092,2582 BAKER RIDGE DR,ATLANTA,Georgia,
16094,2662 SANTA BARBARA DR,ATLANTA,Georgia,
16105,194 CHILDS DR,ATLANTA,Georgia,
16107,208 CHAPPELL RD,ATLANTA,Georgia,
16114,195 SCOTT ST,ATLANTA,Georgia,
16115,195 SCOTT ST,ATLANTA,Georgia,
16118,137 CHAPPELL RD,ATLANTA,Georgia,
16120,1486 AKRIDGE ST,ATLANTA,Georgia,
16122,98 CHAPPELL RD,ATLANTA,Georgia,
16123,1509 EZRA CHURCH DR,ATLANTA,Georgia,
16128,3040 BARKSDALE CIR,EAST POINT,Georgia,
16129,3089 MC KENZIE DR,EAST POINT,Georgia,
16130,3115 MC KENZIE DR,EAST POINT,Georgia,
16164,880 BOLTON RD,ATLANTA,Georgia,
16165,825 BOLTON RD,ATLANTA,Georgia,
16166,825 BOLTON RD,ATLANTA,Georgia,
16169,824 BOLTON RD,ATLANTA,Georgia,
16170,856 FAIRBURN RD,ATLANTA,Georgia,
16171,856 FAIRBURN RD,ATLANTA,Georgia,
16172,856 FAIRBURN RD,ATLANTA,Georgia,
16174,815 BONNEVILLE TER,ATLANTA,Georgia,
16175,3524 BOLFAIR DR,ATLANTA,Georgia,
16177,800 BOLTON RD,ATLANTA,Georgia,
16180,3508 FAIRBURN PL,ATLANTA,Georgia,
16184,2363 CHERRY BLOSSOM DR,ATLANTA,Georgia,
16188,3533 HIGHWOOD DR,ATLANTA,Georgia,
16189,2019 BRIAR RIDGE WAY,ATLANTA,Georgia,
16248,270 SEVENTEENTH ST,ATLANTA,Georgia,
16251,270 SEVENTEENTH ST,ATLANTA,Georgia,
16256,270 SEVENTEENTH ST,ATLANTA,Georgia,
16259,270 SEVENTEENTH ST,ATLANTA,Georgia,
16260,270 SEVENTEENTH ST,ATLANTA,Georgia,
16261,270 SEVENTEENTH ST,ATLANTA,Georgia,
16263,270 SEVENTEENTH ST,ATLANTA,Georgia,
16266,270 SEVENTEENTH ST,ATLANTA,Georgia,
16267,270 SEVENTEENTH ST,ATLANTA,Georgia,
16270,270 SEVENTEENTH ST,ATLANTA,Georgia,
16271,270 SEVENTEENTH ST,ATLANTA,Georgia,
16272,270 SEVENTEENTH ST,ATLANTA,Georgia,
16433,633 CUMBERLAND RD,ATLANTA,Georgia,
16456,1875 WINDEMERE DR,ATLANTA,Georgia,
16457,1871 WINDEMERE DR,ATLANTA,Georgia,
16683,515 OLD CREEK RD,SANDY SPRINGS,Georgia,
16685,4540 JOLYN PL,SANDY SPRINGS,Georgia,
16734,34 WEST BELLE ISLE RD,SANDY SPRINGS,Georgia,
16745,4555 MYSTIC DR,SANDY SPRINGS,Georgia,
16760,5335 MOUNT VERNON PKY,SANDY SPRINGS,Georgia,
16761,5335 MOUNT VERNON PKY,SANDY SPRINGS,Georgia,
16782,142 INTERLOCHEN DR,ATLANTA,Georgia,
16832,590 WIDGEON LN,SANDY SPRINGS,Georgia,
16843,1036 SOMERSET DR,ATLANTA,Georgia,
16859,260 DRUMMEN CT,SANDY SPRINGS,Georgia,
16909,2795 PEACHTREE RD,ATLANTA,Georgia,
16914,188 PEACHTREE WAY,ATLANTA,Georgia,
17063,3050 MARGARET MITCHELL DR,ATLANTA,Georgia,
17082,1118 CORDIA AVE,ATLANTA,Georgia,
17166,898 WESTMORELAND CIR,ATLANTA,Georgia,
17171,880 WESTMORELAND CIR,ATLANTA,Georgia,
17177,858 WESTMORELAND CIR,ATLANTA,Georgia,
17184,893 PROCTOR OAK ST,ATLANTA,Georgia,
17225,1967 WESTSIDE BLVD,ATLANTA,Georgia,
17257,2590 WATKINS ST,ATLANTA,Georgia,
17260,2555 ETHERIDGE DR,ATLANTA,Georgia,
17268,2788 GLENLOCKE WAY,ATLANTA,Georgia,
17286,2099 CLAUDE ST,ATLANTA,Georgia,
17292,2611 CHURCH ST,ATLANTA,Georgia,
17310,1949 MAIN ST,ATLANTA,Georgia,
17314,1947 SPINK ST,ATLANTA,Georgia,
17323,1970 HOLLYWOOD RD,ATLANTA,Georgia,
17362,6715 BRANDON MILL RD,SANDY SPRINGS,Georgia,
17390,3388 PACES FOREST RD,ATLANTA,Georgia,
17405,4916 CAMPBELLTON RD,SOUTH FULTON,Georgia,
17415,5270 HAPPY VALLEY CIR,SOUTH FULTON,Georgia,
17422,5505 SKYVIEW DR,SOUTH FULTON,Georgia,
17514,5615 ASHEWOODE DOWNS DR,JOHNS CREEK,Georgia,
17602,2815 MOUNTAIN RD,MILTON,Georgia,
17607,3580 MUIRFIELD DR,MILTON,Georgia,
17609,3525 MUIRFIELD DR,MILTON,Georgia,
17610,3600 MUIRFIELD DR,MILTON,Georgia,
17630,0 FRANCIS RD,MILTON,Georgia,
17631,3268 HAMBY RD,MILTON,Georgia,
17632,3278 HAMBY RD,MILTON,Georgia,
17644,16195 BIRMINGHAM HWY,MILTON,Georgia,
17650,15370 BIRMINGHAM HWY,MILTON,Georgia,
17671,10080 PEAKS PKWY,MILTON,Georgia,
17727,2060 BIRCHDALE DR,MILTON,Georgia,
17759,2290 MELINA PL,ALPHARETTA,Georgia,
17760,2310 MELINA PL,ALPHARETTA,Georgia,
17761,2320 MELINA PL,ALPHARETTA,Georgia,
17762,2360 MELINA PL,ALPHARETTA,Georgia,
17764,2400 MELINA PL,ALPHARETTA,Georgia,
17765,2410 MELINA PL,ALPHARETTA,Georgia,
17767,2420 MELINA PL,ALPHARETTA,Georgia,
17769,2430 MELINA PL,ALPHARETTA,Georgia,
17770,2440 MELINA PL,ALPHARETTA,Georgia,
17771,2325 MELINA PL,ALPHARETTA,Georgia,
17773,2315 MELINA PL,ALPHARETTA,Georgia,
17774,2305 MELINA PL,ALPHARETTA,Georgia,
17775,2295 MELINA PL,ALPHARETTA,Georgia,
17868,1810 DEARBORNE LN,ALPHARETTA,Georgia,
17870,1620 RESERVE CT,ALPHARETTA,Georgia,
17914,2010 WESSEX CT,ALPHARETTA,Georgia,
17915,2020 WESSEX CT,ALPHARETTA,Georgia,
17916,2030 WESSEX CT,ALPHARETTA,Georgia,
17917,2040 WESSEX CT,ALPHARETTA,Georgia,
17918,2050 WESSEX CT,ALPHARETTA,Georgia,
17919,2060 WESSEX CT,ALPHARETTA,Georgia,
17920,2070 WESSEX CT,ALPHARETTA,Georgia,
17921,2065 WESSEX CT,ALPHARETTA,Georgia,
17922,2055 WESSEX CT,ALPHARETTA,Georgia,
17923,2045 WESSEX CT,ALPHARETTA,Georgia,
17924,2035 WESSEX CT,ALPHARETTA,Georgia,
17926,1830 HENLEY WAY,ALPHARETTA,Georgia,
17927,1840 HENLEY WAY,ALPHARETTA,Georgia,
17928,1850 HENLEY WAY,ALPHARETTA,Georgia,
17930,1860 HENLEY WAY,ALPHARETTA,Georgia,
17931,1870 HENLEY WAY,ALPHARETTA,Georgia,
17933,1890 HENLEY WAY,ALPHARETTA,Georgia,
17934,1825 HENLEY WAY,ALPHARETTA,Georgia,
17935,1815 HENLEY WAY,ALPHARETTA,Georgia,
17936,1805 HENLEY WAY,ALPHARETTA,Georgia,
18050,16660 QUAYSIDE DR,MILTON,Georgia,
18123,2604 VINTAGE DR,ALPHARETTA,Georgia,
18336,670 SINGING HILLS CT,ROSWELL,Georgia,
18377,12810 KEYSTONE CT,ALPHARETTA,Georgia,
18379,12850 KEYSTONE CT,ALPHARETTA,Georgia,
18386,12905 KEYSTONE CT,ALPHARETTA,Georgia,
18405,1340 BRANDY WINE TRL,ALPHARETTA,Georgia,
18440,111 OLD FERRY WAY,ROSWELL,Georgia,
18464,106 ROSWELL COMMONS WAY,ROSWELL,Georgia,
18505,295 NORCROSS ST,ROSWELL,Georgia,
18595,15305 HIGHGROVE RD,MILTON,Georgia,
18730,1080 PEACHTREE ST,ATLANTA,Georgia,
18910,2475 BARGE RD,ATLANTA,Georgia,
18918,0 CASCADE PALMETTO HWY,SOUTH FULTON,Georgia,
18919,7545 BUTNER RD,SOUTH FULTON,Georgia,
18920,0 BUTNER RD,SOUTH FULTON,Georgia,
18931,3900 CLIFTONDALE PL,SOUTH FULTON,Georgia,
18943,6975 BUTNER RD,SOUTH FULTON,Georgia,
18944,0 STUBBS RD,SOUTH FULTON,Georgia,
18953,1309 STONE BAY DR,SOUTH FULTON,Georgia,
18967,3168 ABBEY DR,ATLANTA,Georgia,
19184,717 TAYLOR CT,ATLANTA,Georgia,
19185,719 TAYLOR CT,ATLANTA,Georgia,
19186,721 TAYLOR CT,ATLANTA,Georgia,
19187,723 TAYLOR CT,ATLANTA,Georgia,
19188,725 TAYLOR CT,ATLANTA,Georgia,
19197,619 BROADVIEW PL,ATLANTA,Georgia,
19397,1280 WEST PEACHTREE ST,ATLANTA,Georgia,
19412,1280 WEST PEACHTREE ST,ATLANTA,Georgia,
19601,6900 ROSWELL RD,SANDY SPRINGS,Georgia,
19716,6664 CADENCE BLVD,SANDY SPRINGS,Georgia,
19732,1301 PEACHTREE ST,ATLANTA,Georgia,
19733,1301 PEACHTREE ST,ATLANTA,Georgia,
19736,1301 PEACHTREE ST,ATLANTA,Georgia,
19737,1301 PEACHTREE ST,ATLANTA,Georgia,
19743,1301 PEACHTREE ST,ATLANTA,Georgia,
19761,4190 GLAD MORNING DR,SOUTH FULTON,Georgia,
19822,3840 PITTMAN RD,SOUTH FULTON,Georgia,
19836,7070 KOWETA RD,SOUTH FULTON,Georgia,
19846,9050 CLARK RD,SOUTH FULTON,Georgia,
19849,0 MC CLURE RD,SOUTH FULTON,Georgia,
19860,399 RIVERTOWN RD,FAIRBURN,Georgia,
19863,131 RIVERTOWN RD,FAIRBURN,Georgia,
19865,224 RIVERTOWN RD,FAIRBURN,Georgia,
19869,614 BLUE FLAG LN,FAIRBURN,Georgia,
19991,4570 BLAZING TRL,SOUTH FULTON,Georgia,
19992,4560 BLAZING TRL,SOUTH FULTON,Georgia,
20010,6912 TALKEETNA CT,SOUTH FULTON,Georgia,
20131,421 LAKE RIDGE LN,UNION CITY,Georgia,
20379,4753 ROSWELL RD,SANDY SPRINGS,Georgia,
20380,4755 ROSWELL RD,SANDY SPRINGS,Georgia,
20382,4759 ROSWELL RD,SANDY SPRINGS,Georgia,
20550,1735 PEACHTREE ST,ATLANTA,Georgia,
20557,1402 WINGATE WAY,SANDY SPRINGS,Georgia,
20658,955 JUNIPER ST,ATLANTA,Georgia,
21258,13161 FASHERSTONE DR,MILTON,Georgia,
21262,3331 LATHENVIEW CT,MILTON,Georgia,
21318,13463 SPRING VIEW DR,MILTON,Georgia,
21405,1183 LA VISTA RD,ATLANTA,Georgia,
21508,667 CARLTON POINTE DR,PALMETTO,Georgia,
21671,1425 JOSEPH E BOONE BLVD,ATLANTA,Georgia,
21672,1425 JOSEPH E BOONE BLVD,ATLANTA,Georgia,
21710,2479 PEACHTREE RD,ATLANTA,Georgia,
21762,285 CENTENNIAL OLYMPIC PKWY,ATLANTA,Georgia,
21801,3051 STONE GATE DR,ATLANTA,Georgia,
21806,830 BARNETT ST,ATLANTA,Georgia,
21984,0 MAPLE CIR,ATLANTA,Georgia,
21985,0 MAPLE CIR,ATLANTA,Georgia,
21986,0 MAPLE CIR,ATLANTA,Georgia,
21987,0 MAPLE CIR,ATLANTA,Georgia,
21988,0 MAPLE CIR,ATLANTA,Georgia,
21989,0 MAPLE CIR,ATLANTA,Georgia,
21990,0 MAPLE CIR,ATLANTA,Georgia,
21991,0 MAPLE CIR,ATLANTA,Georgia,
21993,1774 MAPLE CIR,ATLANTA,Georgia,
21997,0 MAPLE CIR,ATLANTA,Georgia,
21998,1789 MEADOW LN,ATLANTA,Georgia,
21999,1785 MEADOW LN,ATLANTA,Georgia,
22001,1783 MEADOW LN,ATLANTA,Georgia,
22003,0 MEADOW LN,ATLANTA,Georgia,
22005,1773 MEADOW LN,ATLANTA,Georgia,
22006,1770 MEADOW LN,ATLANTA,Georgia,
22008,1772 MEADOW LN,ATLANTA,Georgia,
22010,1774 MEADOW LN,ATLANTA,Georgia,
22012,1776 MEADOW LN,ATLANTA,Georgia,
22014,1778 MEADOW LN,ATLANTA,Georgia,
22015,1780 MEADOW LN,ATLANTA,Georgia,
22017,1782 MEADOW LN,ATLANTA,Georgia,
22019,1784 MEADOW LN,ATLANTA,Georgia,
22021,1788 MEADOW LN,ATLANTA,Georgia,
22024,1792 MEADOW LN,ATLANTA,Georgia,
22026,1796 MEADOW LN,ATLANTA,Georgia,
22029,1798 MEADOW LN,ATLANTA,Georgia,
22044,250 AMAL DR,ATLANTA,Georgia,
22188,13900 BIRMINGHAM ROSWELL RD,MILTON,Georgia,
22192,12220 BIRMINGHAM HWY,MILTON,Georgia,
22247,1240 UPPER HEMBREE RD,ALPHARETTA,Georgia,
22289,605 MANSELL RD,ROSWELL,Georgia,
22332,1243 CANTON ST,ROSWELL,Georgia,
22333,1075 CANTON ST,ROSWELL,Georgia,
22364,6555 ROSWELL RD,SANDY SPRINGS,Georgia,
22372,0 RIVER EXCHANGE DR,SANDY SPRINGS,Georgia,
22416,227 VIRGINIA PL,ATLANTA,Georgia,
22452,0 MARIETTA BLVD,ATLANTA,Georgia,
22475,657 ECHO ST,ATLANTA,Georgia,
22480,257 SCIPLE TER,ATLANTA,Georgia,
22482,320 SUNSET AVE,ATLANTA,Georgia,
22486,562 ENGLISH AVE,ATLANTA,Georgia,
22487,562 ENGLISH AVE,ATLANTA,Georgia,
22489,539 PAINES AVE,ATLANTA,Georgia,
22496,674 KENNEDY ST,ATLANTA,Georgia,
22523,297 BURBANK DR,ATLANTA,Georgia,
22524,297 BURBANK DR,ATLANTA,Georgia,
22536,190 ANDERSON AVE,ATLANTA,Georgia,
22563,0 LA GRANGE BLVD,FULTON INDUSTRIAL DISTRICT,Georgia,
22576,120 ALDREDGE BLVD,FULTON INDUSTRIAL DISTRICT,Georgia,
22578,4785 FULTON INDUSTRIAL BLVD,FULTON INDUSTRIAL DISTRICT,Georgia,
22592,4350 FULTON IND BLVD,FULTON INDUSTRIAL DISTRICT,Georgia,
22597,1149 CASCADE RD,ATLANTA,Georgia,
22612,26 PEYTON RD,ATLANTA,Georgia,
22615,2948 DELMAR LN,ATLANTA,Georgia,
22633,702 CASCADE AVE,ATLANTA,Georgia,
22665,1932 METROPOLITAN PKWY,ATLANTA,Georgia,
22674,11090 SERENBE LN,CHATTAHOOCHEE HILLS,Georgia,
22686,0 CLECKLER RD,SOUTH FULTON,Georgia,
22688,0 CAMPBELLTON FAIRBURN RD,UNION CITY,Georgia,
22732,0 SENOIA RD,FAIRBURN,Georgia,
22773,3391 DOGWOOD DR,HAPEVILLE,Georgia,
22781,1454 FULTON AVE,EAST POINT,Georgia,
22782,2739 FELTON DR,EAST POINT,Georgia,
22788,1283 PINE AVE,EAST POINT,Georgia,
22789,3580 PERKINS ST,HAPEVILLE,Georgia,
22798,2599 CHURCH ST,EAST POINT,Georgia,
22803,1789 WEST WASHINGTON AVE,EAST POINT,Georgia,
22815,2221 BEN HILL RD,EAST POINT,Georgia,
22894,0 SPRING ST,ATLANTA,Georgia,
22914,255 COURTLAND ST,ATLANTA,Georgia,
22939,402 FAIR ST,ATLANTA,Georgia,
22943,139 RALPH MCGILL BLVD,ATLANTA,Georgia,
